# Section	Page	Header	Code	Locale	Old	New	Level
#Section	Page	Header	Code	Locale	Old	New	Level
Locale Display Names	Territories (Africa)	Middle Africa	CG	af	Kongo - Brazzaville	Kongo-Brazzaville	moderate
#Section	Page	Header	Code	Locale	Old	New	Level
Date & Time	Fields	Date Fields	era	ak	Bere	berԑ	moderate
Date & Time	Fields	Date Fields	week	ak	Dapɛn	Nnawͻtwe	moderate
Date & Time	Fields	Date Fields	hour	ak	Dɔnhwer	dͻnhwere	moderate
Date & Time	Fields	Date Fields	minute	ak	Sema	sima	moderate
Date & Time	Fields	Date Fields	second	ak	Sɛkɛnd	Simasin	moderate
Date & Time	Gregorian	Formats - Standard - Date Formats	full	ak	EEEE, y MMMM dd	EEE, MMMM d, y	moderate
Date & Time	Gregorian	Formats - Standard - Date Formats	long	ak	y MMMM d	MMMM d, y	moderate
Date & Time	Gregorian	Formats - Standard - Date Formats	medium	ak	y MMM d	MMM d, y	moderate
Date & Time	Gregorian	Formats - Standard - Date Formats	short	ak	yy/MM/dd	M/d/yy	moderate
Numbers	Number Formatting Patterns	Standard Patterns 	accounting-currency	ak	¤#,##0.00	¤#,##0.00;(¤#,##0.00)	moderate
Numbers	Compact Decimal Formatting	Short Currency 	10-digits-short-other	ak	¤0G	¤ 0G	moderate
Currencies	Western Africa	Western Africa: Côte d’Ivoire	XOF-symbol	ak	F CFA	AAS	moderate
Currencies	Western Asia (C)	Western Asia: Iraq	IQD-symbol	ak	IQD	Irak dinaa	moderate
#Section	Page	Header	Code	Locale	Old	New	Level
Locale Display Names	Locale Name Patterns	Locale Formatting	localeSeparator	am	{0}፣{1}	{0}፣ {1}	basic
Date & Time	Gregorian	Formats - Standard - Date Formats	full	am	y MMMM d, EEEE	EEEE d MMMM y	moderate
Date & Time	Gregorian	Formats - Flexible - Date Formats	MEd	am	E፣ M/d	E፣ d/M	moderate
Currencies	Eastern Asia (C)	Eastern Asia: China: CNH (offshore)	CNH-symbol	am	የቻይና ዩዋን	CNH	moderate
#Section	Page	Header	Code	Locale	Old	New	Level
Core Data	Numbering Systems	Numbering System	default	ar	arab	latn	basic
#Section	Page	Header	Code	Locale	Old	New	Level
Date & Time	Gregorian	Day Periods - wide - Formatting	am	as	পূৰ্বাহ্ন	AM	basic
Date & Time	Gregorian	Day Periods - wide - Formatting	pm	as	অপৰাহ্ন	PM	basic
Date & Time	Gregorian	Day Periods - abbreviated - Formatting	am	as	পূৰ্বাহ্ন	AM	moderate
Date & Time	Gregorian	Day Periods - abbreviated - Formatting	pm	as	অপৰাহ্ন	PM	moderate
Units	Other Units Metric Per	kilowatt-hour-per-100-kilometer	narrow-one-nominative	as	{0} kWh/100km	{0}kWh/100km	modern
#Section	Page	Header	Code	Locale	Old	New	Level
Numbers	Symbols	Symbols using Arabic-Indic Digits (arab)	group	az	٬	,	basic
Numbers	Number Formatting Patterns	Standard Patterns using Arabic-Indic Digits (arab)	standard-decimal	az	#,##0.###	standart onluq kəsr0.###	basic
#Section	Page	Header	Code	Locale	Old	New	Level
Units	Weather	fahrenheit	narrow-one-nominative	bg	{0} °F	{0}°F	modern
Units	Weather	fahrenheit	narrow-other-nominative	bg	{0} °F	{0}°F	modern
#Section	Page	Header	Code	Locale	Old	New	Level
Currencies	Southern Asia (C)	Southern Asia: India	INR-name-one	bn	ভারতীয় রুপি	ভারতীয় টাকা	moderate
Currencies	Southern Asia (C)	Southern Asia: India	INR-name-other	bn	ভারতীয় রুপি	ভারতীয় টাকা	moderate
#Section	Page	Header	Code	Locale	Old	New	Level
Currencies	Western Africa	Western Africa: Côte d’Ivoire	XOF-symbol	brx	एफ सि.एफ.ए	F CFA	moderate
#Section	Page	Header	Code	Locale	Old	New	Level
Date & Time	Gregorian	Eras - abbreviated	1-variant	bs	n.e.	n. e.	moderate
Date & Time	Gregorian	Day Periods - abbreviated - Formatting	am	bs	AM	a. m.	moderate
Date & Time	Gregorian	Day Periods - abbreviated - Formatting	pm	bs	PM	p. m.	moderate
Date & Time	Gregorian	Formats - Flexible - Date Formats	Md	bs	d.M.	d. M.	moderate
Date & Time	Gregorian	Formats - Flexible - Date Formats	MEd	bs	E, d.M.	E, d. M.	moderate
Date & Time	Gregorian	Formats - Flexible - Date Formats	yMd	bs	d.M.y.	d. M. y.	basic
Date & Time	Gregorian	Formats - Flexible - Date Formats	yMEd	bs	E, d.M.y.	E, d. M. y.	moderate
#Section	Page	Header	Code	Locale	Old	New	Level
Units	Other Units Metric Per	kilowatt-hour-per-100-kilometer	narrow-other-nominative	da	{0}kWh/100km	{0} kWh/100 km	modern
#Section	Page	Header	Code	Locale	Old	New	Level
Locale Display Names	Languages (E-J)	E	Ewe ► ee	ee	Eʋegbe	eʋegbe	basic
#Section	Page	Header	Code	Locale	Old	New	Level
Locale Display Names	Languages (E-J)	G	Goan Konkani ► gom	en	Goan Konkani	▷removed◁	comprehensive
Date & Time	Gregorian	Formats - Standard - Date Formats	full	en_AU	EEEE d MMMM y	EEEE, d MMMM y	moderate
Date & Time	Gregorian	Formats - Standard - Date Formats	full	en_GB	EEEE d MMMM y	EEEE, d MMMM y	moderate
Date & Time	Gregorian	Formats - Standard - Date Formats	full	en_IN	EEEE d MMMM, y	EEEE, d MMMM y	moderate
Date & Time	Gregorian	Formats - Flexible - Date Formats	MEd	en_GB	E, dd/MM	E dd/MM	moderate
Date & Time	Gregorian	Formats - Flexible - Date Formats	MMMEd	en_GB	E, d MMM	E d MMM	moderate
#Section	Page	Header	Code	Locale	Old	New	Level
Units	Mass and Weight	pound	narrow-one-nominative	es_419	{0} lb	{0}lb	modern
Units	Mass and Weight	ounce	narrow-one-nominative	es_419	{0} oz	{0}oz	modern
Units	Energy and Power	calorie	narrow-one-nominative	es_419	{0} cal	{0}cal	modern
#Section	Page	Header	Code	Locale	Old	New	Level
Currencies	Southern/Eastern Europe	Eastern Europe: Belarus	BYN-symbol-narrow	fa	р.	Br	moderate
#Section	Page	Header	Code	Locale	Old	New	Level
Date & Time	Gregorian	Formats - Flexible - Date Formats	MMMEd	fi	ccc d. MMM	ccc d.M.	moderate
#Section	Page	Header	Code	Locale	Old	New	Level
Units	Area	square-centimeter	narrow-one-nominative	fo	{0} cm²	{0}cm²	modern
Units	Area	square-centimeter	narrow-other-nominative	fo	{0} cm²	{0}cm²	modern
Units	Area	square-mile	narrow-one-nominative	fo	{0} míl²	{0}míl²	modern
Units	Area	square-mile	narrow-other-nominative	fo	{0} míl²	{0}míl²	modern
Units	Area	acre	narrow-one-nominative	fo	{0} ekra	{0}ekra	modern
Units	Area	acre	narrow-other-nominative	fo	{0} ekrur	{0}ekrur	modern
Units	Area	square-inch	narrow-one-nominative	fo	{0} tum.²	{0}tum.²	modern
Units	Area	square-inch	narrow-other-nominative	fo	{0} tum.²	{0}tum.²	modern
Units	Area	dunam	narrow-one-nominative	fo	{0} dunam	{0}dunam	modern
Units	Area	dunam	narrow-other-nominative	fo	{0} dunam	{0}dunam	modern
Units	Volume Metric	cubic-meter	narrow-one-nominative	fo	{0} m³	{0}m³	modern
Units	Volume Metric	cubic-meter	narrow-other-nominative	fo	{0} m³	{0}m³	modern
Units	Volume Metric	cubic-centimeter	narrow-one-nominative	fo	{0} cm³	{0}cm³	modern
Units	Volume Metric	cubic-centimeter	narrow-other-nominative	fo	{0} cm³	{0}cm³	modern
Units	Volume Metric	megaliter	narrow-one-nominative	fo	{0} Ml	{0}Ml	modern
Units	Volume Metric	megaliter	narrow-other-nominative	fo	{0} Ml	{0}Ml	modern
Units	Volume Metric	hectoliter	narrow-one-nominative	fo	{0} hl	{0}hl	modern
Units	Volume Metric	hectoliter	narrow-other-nominative	fo	{0} hl	{0}hl	modern
Units	Volume Metric	deciliter	narrow-one-nominative	fo	{0} dl	{0}dl	modern
Units	Volume Metric	deciliter	narrow-other-nominative	fo	{0} dl	{0}dl	modern
Units	Volume Metric	centiliter	narrow-one-nominative	fo	{0} cl	{0}cl	modern
Units	Volume Metric	centiliter	narrow-other-nominative	fo	{0} cl	{0}cl	modern
Units	Volume Metric	milliliter	narrow-one-nominative	fo	{0} ml	{0}ml	modern
Units	Volume Metric	milliliter	narrow-other-nominative	fo	{0} ml	{0}ml	modern
Units	Volume Metric	cup-metric	narrow-one-nominative	fo	{0} metralag koppur	{0}metralag koppur	modern
Units	Speed and Acceleration	meter-per-square-second	narrow-one-nominative	fo	{0} m/s²	{0}m/s²	modern
Units	Speed and Acceleration	meter-per-square-second	narrow-other-nominative	fo	{0} m/s²	{0}m/s²	modern
Units	Speed and Acceleration	mile-per-hour	narrow-one-nominative	fo	{0} míl/t	{0}míl/t	modern
Units	Speed and Acceleration	mile-per-hour	narrow-other-nominative	fo	{0} míl/t	{0}míl/t	modern
Units	Speed and Acceleration	knot	narrow-one-nominative	fo	{0} smíl/t	{0}smíl/t	modern
Units	Speed and Acceleration	knot	narrow-other-nominative	fo	{0} smíl/t	{0}smíl/t	modern
Units	Mass and Weight	tonne	narrow-one-nominative	fo	{0} t	{0}t	modern
Units	Mass and Weight	tonne	narrow-other-nominative	fo	{0} t	{0}t	modern
Units	Mass and Weight	milligram	narrow-one-nominative	fo	{0} mg	{0}mg	modern
Units	Mass and Weight	milligram	narrow-other-nominative	fo	{0} mg	{0}mg	modern
Units	Mass and Weight	microgram	narrow-one-nominative	fo	{0} μg	{0}μg	modern
Units	Mass and Weight	microgram	narrow-other-nominative	fo	{0} μg	{0}μg	modern
Units	Mass and Weight	ton	narrow-one-nominative	fo	{0} stutt t	{0}stutt t	modern
Units	Mass and Weight	ton	narrow-other-nominative	fo	{0} stutt t	{0}stutt t	modern
Units	Mass and Weight	ounce	narrow-one-nominative	fo	{0} unsa	{0}unsa	modern
Units	Mass and Weight	ounce	narrow-other-nominative	fo	{0} unsur	{0}unsur	modern
Units	Mass and Weight	ounce-troy	narrow-one-nominative	fo	{0} troy unsa	{0}troy unsa	modern
Units	Mass and Weight	carat	narrow-one-nominative	fo	{0} CD	{0}CD	modern
Units	Mass and Weight	carat	narrow-other-nominative	fo	{0} CD	{0}CD	modern
Units	Mass and Weight	dalton	narrow-one-nominative	fo	{0} Da	{0}Da	modern
Units	Mass and Weight	dalton	narrow-other-nominative	fo	{0} Da	{0}Da	modern
Units	Mass and Weight	earth-mass	narrow-one-nominative	fo	{0} M⊕	{0}M⊕	modern
Units	Mass and Weight	earth-mass	narrow-other-nominative	fo	{0} M⊕	{0}M⊕	modern
Units	Mass and Weight	solar-mass	narrow-one-nominative	fo	{0} M☉	{0}M☉	modern
Units	Mass and Weight	solar-mass	narrow-other-nominative	fo	{0} M☉	{0}M☉	modern
Units	Energy and Power	kilocalorie	narrow-one-nominative	fo	{0} kcal	{0}kcal	modern
Units	Energy and Power	kilocalorie	narrow-other-nominative	fo	{0} kcal	{0}kcal	modern
Units	Energy and Power	calorie	narrow-one-nominative	fo	{0} kal.	{0}kal.	modern
Units	Energy and Power	calorie	narrow-other-nominative	fo	{0} kal.	{0}kal.	modern
Units	Energy and Power	foodcalorie	narrow-one-nominative	fo	{0} kostkaloria	{0}kostkaloria	modern
Units	Energy and Power	foodcalorie	narrow-other-nominative	fo	{0} kostkaloriur	{0}kostkaloriur	modern
Units	Energy and Power	kilojoule	narrow-one-nominative	fo	{0} kJ	{0}kJ	modern
Units	Energy and Power	kilojoule	narrow-other-nominative	fo	{0} kJ	{0}kJ	modern
Units	Energy and Power	joule	narrow-one-nominative	fo	{0} J	{0}J	modern
Units	Energy and Power	joule	narrow-other-nominative	fo	{0} J	{0}J	modern
Units	Energy and Power	kilowatt-hour	narrow-one-nominative	fo	{0} kWh	{0}kWh	modern
Units	Energy and Power	kilowatt-hour	narrow-other-nominative	fo	{0} kWh	{0}kWh	modern
Units	Energy and Power	electronvolt	narrow-one-nominative	fo	{0} eV	{0}eV	modern
Units	Energy and Power	electronvolt	narrow-other-nominative	fo	{0} eV	{0}eV	modern
Units	Energy and Power	british-thermal-unit	narrow-one-nominative	fo	{0} Btu	{0}Btu	modern
Units	Energy and Power	british-thermal-unit	narrow-other-nominative	fo	{0} Btu	{0}Btu	modern
Units	Energy and Power	therm-us	narrow-one-nominative	fo	{0} thm	{0}thm	modern
Units	Energy and Power	therm-us	narrow-other-nominative	fo	{0} thm	{0}thm	modern
Units	Energy and Power	gigawatt	narrow-one-nominative	fo	{0} GW	{0}GW	modern
Units	Energy and Power	gigawatt	narrow-other-nominative	fo	{0} GW	{0}GW	modern
Units	Energy and Power	megawatt	narrow-one-nominative	fo	{0} MW	{0}MW	modern
Units	Energy and Power	megawatt	narrow-other-nominative	fo	{0} MW	{0}MW	modern
Units	Energy and Power	milliwatt	narrow-one-nominative	fo	{0} mW	{0}mW	modern
Units	Energy and Power	milliwatt	narrow-other-nominative	fo	{0} mW	{0}mW	modern
Units	Energy and Power	horsepower	narrow-one-nominative	fo	{0} hk	{0}hk	modern
Units	Energy and Power	horsepower	narrow-other-nominative	fo	{0} hk	{0}hk	modern
Units	Electrical and Frequency	ampere	narrow-one-nominative	fo	{0} A	{0}A	modern
Units	Electrical and Frequency	ampere	narrow-other-nominative	fo	{0} A	{0}A	modern
Units	Electrical and Frequency	milliampere	narrow-one-nominative	fo	{0} mA	{0}mA	modern
Units	Electrical and Frequency	milliampere	narrow-other-nominative	fo	{0} mA	{0}mA	modern
Units	Electrical and Frequency	ohm	narrow-one-nominative	fo	{0} Ω	{0}Ω	modern
Units	Electrical and Frequency	ohm	narrow-other-nominative	fo	{0} Ω	{0}Ω	modern
Units	Electrical and Frequency	volt	narrow-one-nominative	fo	{0} V	{0}V	modern
Units	Electrical and Frequency	volt	narrow-other-nominative	fo	{0} V	{0}V	modern
Units	Electrical and Frequency	gigahertz	narrow-one-nominative	fo	{0} GHz	{0}GHz	modern
Units	Electrical and Frequency	gigahertz	narrow-other-nominative	fo	{0} GHz	{0}GHz	modern
Units	Electrical and Frequency	megahertz	narrow-one-nominative	fo	{0} MHz	{0}MHz	modern
Units	Electrical and Frequency	megahertz	narrow-other-nominative	fo	{0} MHz	{0}MHz	modern
Units	Electrical and Frequency	kilohertz	narrow-one-nominative	fo	{0} kHz	{0}kHz	modern
Units	Electrical and Frequency	kilohertz	narrow-other-nominative	fo	{0} kHz	{0}kHz	modern
Units	Electrical and Frequency	hertz	narrow-one-nominative	fo	{0} Hz	{0}Hz	modern
Units	Electrical and Frequency	hertz	narrow-other-nominative	fo	{0} Hz	{0}Hz	modern
Units	Weather	millimeter-ofhg	narrow-one-nominative	fo	{0} mmHg	{0}mmHg	modern
Units	Weather	millimeter-ofhg	narrow-other-nominative	fo	{0} mmHg	{0}mmHg	modern
Units	Weather	pound-force-per-square-inch	narrow-one-nominative	fo	{0} psi	{0}psi	modern
Units	Weather	pound-force-per-square-inch	narrow-other-nominative	fo	{0} psi	{0}psi	modern
Units	Weather	bar	narrow-one-nominative	fo	{0} bar	{0}bar	modern
Units	Weather	bar	narrow-other-nominative	fo	{0} bar	{0}bar	modern
Units	Weather	atmosphere	narrow-one-nominative	fo	{0} lufttrýst	{0}lufttrýst	modern
Units	Weather	atmosphere	narrow-other-nominative	fo	{0} lufttrýst	{0}lufttrýst	modern
Units	Weather	pascal	narrow-one-nominative	fo	{0} Pa	{0}Pa	modern
Units	Weather	pascal	narrow-other-nominative	fo	{0} Pa	{0}Pa	modern
Units	Weather	kilopascal	narrow-one-nominative	fo	{0} kPa	{0}kPa	modern
Units	Weather	kilopascal	narrow-other-nominative	fo	{0} kPa	{0}kPa	modern
Units	Weather	megapascal	narrow-one-nominative	fo	{0} MPa	{0}MPa	modern
Units	Weather	megapascal	narrow-other-nominative	fo	{0} MPa	{0}MPa	modern
Units	Weather	kelvin	narrow-one-nominative	fo	{0} K	{0}K	modern
Units	Weather	kelvin	narrow-other-nominative	fo	{0} K	{0}K	modern
Units	Digital	petabyte	narrow-one-nominative	fo	{0} PB	{0}PB	modern
Units	Digital	petabyte	narrow-other-nominative	fo	{0} PB	{0}PB	modern
Units	Digital	terabyte	narrow-one-nominative	fo	{0} TB	{0}TB	modern
Units	Digital	terabyte	narrow-other-nominative	fo	{0} TB	{0}TB	modern
Units	Digital	terabit	narrow-one-nominative	fo	{0} Tb	{0}Tb	modern
Units	Digital	terabit	narrow-other-nominative	fo	{0} Tb	{0}Tb	modern
Units	Digital	gigabyte	narrow-one-nominative	fo	{0} GB	{0}GB	modern
Units	Digital	gigabyte	narrow-other-nominative	fo	{0} GB	{0}GB	modern
Units	Digital	gigabit	narrow-one-nominative	fo	{0} Gb	{0}Gb	modern
Units	Digital	gigabit	narrow-other-nominative	fo	{0} Gb	{0}Gb	modern
Units	Digital	megabyte	narrow-one-nominative	fo	{0} MB	{0}MB	modern
Units	Digital	megabyte	narrow-other-nominative	fo	{0} MB	{0}MB	modern
Units	Digital	megabit	narrow-one-nominative	fo	{0} Mb	{0}Mb	modern
Units	Digital	megabit	narrow-other-nominative	fo	{0} Mb	{0}Mb	modern
Units	Digital	kilobyte	narrow-one-nominative	fo	{0} kB	{0}kB	modern
Units	Digital	kilobyte	narrow-other-nominative	fo	{0} kB	{0}kB	modern
Units	Digital	kilobit	narrow-one-nominative	fo	{0} kb	{0}kb	modern
Units	Digital	kilobit	narrow-other-nominative	fo	{0} kb	{0}kb	modern
Units	Digital	bit	narrow-one-nominative	fo	{0} bit	{0}bit	modern
Units	Digital	bit	narrow-other-nominative	fo	{0} bit	{0}bit	modern
Units	Other Units Metric	revolution	narrow-one-nominative	fo	{0} snú.	{0}snú.	modern
Units	Other Units Metric	revolution	narrow-other-nominative	fo	{0} snú.	{0}snú.	modern
Units	Other Units Metric	radian	narrow-one-nominative	fo	{0} rad	{0}rad	modern
Units	Other Units Metric	radian	narrow-other-nominative	fo	{0} rad	{0}rad	modern
Units	Other Units Metric	mole	narrow-one-nominative	fo	{0} mol	{0}mol	modern
Units	Other Units Metric	mole	narrow-other-nominative	fo	{0} mol	{0}mol	modern
Units	Other Units Metric	newton	narrow-one-nominative	fo	{0} N	{0}N	modern
Units	Other Units Metric	newton	narrow-other-nominative	fo	{0} N	{0}N	modern
Units	Other Units Metric	lux	narrow-one-nominative	fo	{0} lx	{0}lx	modern
Units	Other Units Metric	lux	narrow-other-nominative	fo	{0} lx	{0}lx	modern
Units	Other Units Metric	candela	narrow-one-nominative	fo	{0} cd	{0}cd	modern
Units	Other Units Metric	candela	narrow-other-nominative	fo	{0} cd	{0}cd	modern
Units	Other Units Metric	lumen	narrow-one-nominative	fo	{0} lm	{0}lm	modern
Units	Other Units Metric	lumen	narrow-other-nominative	fo	{0} lm	{0}lm	modern
Units	Other Units Metric	newton-meter	narrow-one-nominative	fo	{0} N⋅m	{0}N⋅m	modern
Units	Other Units Metric	newton-meter	narrow-other-nominative	fo	{0} N⋅m	{0}N⋅m	modern
Units	Other Units Metric Per	permille	narrow-one-nominative	fo	{0} ‰	{0}‰	modern
Units	Other Units Metric Per	permille	narrow-other-nominative	fo	{0} ‰	{0}‰	modern
Units	Other Units Metric Per	permyriad	narrow-one-nominative	fo	{0} ‱	{0}‱	modern
Units	Other Units Metric Per	permyriad	narrow-other-nominative	fo	{0} ‱	{0}‱	modern
Units	Other Units Metric Per	liter-per-kilometer	narrow-one-nominative	fo	{0} l/km	{0}l/km	modern
Units	Other Units Metric Per	liter-per-kilometer	narrow-other-nominative	fo	{0} l/km	{0}l/km	modern
Units	Other Units Metric Per	kilowatt-hour-per-100-kilometer	narrow-one-nominative	fo	{0} kWh/100km	{0}kWh/100km	modern
Units	Other Units Metric Per	kilowatt-hour-per-100-kilometer	narrow-other-nominative	fo	{0} kWh/100km	{0}kWh/100km	modern
Units	Other Units US	mile-per-gallon	narrow-one-nominative	fo	{0} míl/gallon	{0}míl/gallon	modern
Units	Other Units US	mile-per-gallon	narrow-other-nominative	fo	{0} míl/gallon	{0}míl/gallon	modern
Units	Other Units US	pound-force	narrow-one-nominative	fo	{0} lbf	{0}lbf	modern
Units	Other Units US	pound-force	narrow-other-nominative	fo	{0} lbf	{0}lbf	modern
Units	Other Units US	pound-force-foot	narrow-one-nominative	fo	{0} lbf⋅ft	{0}lbf⋅ft	modern
Units	Other Units US	pound-force-foot	narrow-other-nominative	fo	{0} lbf⋅ft	{0}lbf⋅ft	modern
Units	Other Units	mile-per-gallon-imperial	narrow-one-nominative	fo	{0} míl/UK gallon	{0}míl/UK gallon	modern
Units	Other Units	mile-per-gallon-imperial	narrow-other-nominative	fo	{0} míl/UK gallon	{0}míl/UK gallon	modern
Units	Other Units	solar-luminosity	narrow-one-nominative	fo	{0} L☉	{0}L☉	modern
Units	Other Units	solar-luminosity	narrow-other-nominative	fo	{0} L☉	{0}L☉	modern
#Section	Page	Header	Code	Locale	Old	New	Level
Core Data	Alphabetic Information	Characters in Use	Main Letters	gaa	…[q]…	…[]…	core
#Section	Page	Header	Code	Locale	Old	New	Level
Date & Time	Gregorian	Formats - Standard - Date Formats	medium	gd	d MMM y	d'mh' MMM y	moderate
#Section	Page	Header	Code	Locale	Old	New	Level
Locale Display Names	Keys	Hour Cycle	hc-h11	ha	Tsarin Awowi 12(0–11)	Tsarin Awowi 12 (0–11)	modern
Numbers	Symbols	Symbols using Arabic-Indic Digits (arab)	decimal	ha	٫	.	basic
Numbers	Symbols	Symbols using Arabic-Indic Digits (arab)	group	ha	٬	,	basic
#Section	Page	Header	Code	Locale	Old	New	Level
Date & Time	Gregorian	Day Periods - wide - Formatting	am	he	‫לפנה״צ‬	AM	basic
Date & Time	Gregorian	Day Periods - wide - Formatting	pm	he	‫אחה״צ‬	PM	basic
Date & Time	Gregorian	Day Periods - abbreviated - Formatting	am	he	‫לפנה״צ‬	AM	moderate
Date & Time	Gregorian	Day Periods - abbreviated - Formatting	pm	he	‫אחה״צ‬	PM	moderate
#Section	Page	Header	Code	Locale	Old	New	Level
Units	Duration	month	narrow-one-nominative	hy	{0} ա	{0}ա	modern
Units	Duration	month	narrow-other-nominative	hy	{0} ա	{0}ա	modern
Units	Duration	hour	narrow-one-nominative	hy	{0} ժ	{0}ժ	modern
Units	Duration	hour	narrow-other-nominative	hy	{0} ժ	{0}ժ	modern
Units	Duration	minute	narrow-one-nominative	hy	{0} ր	{0}ր	modern
Units	Duration	minute	narrow-other-nominative	hy	{0} ր	{0}ր	modern
Units	Graphics	em	narrow-one-nominative	hy	{0} em	{0}em	modern
Units	Graphics	em	narrow-other-nominative	hy	{0} em	{0}em	modern
Units	Area	square-kilometer	narrow-one-nominative	hy	{0} կմ²	{0}կմ²	modern
Units	Area	square-kilometer	narrow-other-nominative	hy	{0} կմ²	{0}կմ²	modern
Units	Area	hectare	narrow-one-nominative	hy	{0} հա	{0}հա	modern
Units	Area	hectare	narrow-other-nominative	hy	{0} հա	{0}հա	modern
Units	Area	square-meter	narrow-one-nominative	hy	{0} մ²	{0}մ²	modern
Units	Area	square-meter	narrow-other-nominative	hy	{0} մ²	{0}մ²	modern
Units	Area	square-centimeter	narrow-one-nominative	hy	{0} սմ²	{0}սմ²	modern
Units	Area	square-centimeter	narrow-other-nominative	hy	{0} սմ²	{0}սմ²	modern
Units	Area	dunam	narrow-one-nominative	hy	{0} դունամ	{0}դունամ	modern
Units	Area	dunam	narrow-other-nominative	hy	{0} դունամ	{0}դունամ	modern
Units	Volume Metric	megaliter	narrow-one-nominative	hy	{0} Մլ	{0}Մլ	modern
Units	Volume Metric	megaliter	narrow-other-nominative	hy	{0} Մլ	{0}Մլ	modern
Units	Volume Metric	hectoliter	narrow-one-nominative	hy	{0} հլ	{0}հլ	modern
Units	Volume Metric	hectoliter	narrow-other-nominative	hy	{0} հլ	{0}հլ	modern
Units	Volume Metric	deciliter	narrow-one-nominative	hy	{0} դլ	{0}դլ	modern
Units	Volume Metric	deciliter	narrow-other-nominative	hy	{0} դլ	{0}դլ	modern
Units	Volume Metric	centiliter	narrow-one-nominative	hy	{0} սլ	{0}սլ	modern
Units	Volume Metric	centiliter	narrow-other-nominative	hy	{0} սլ	{0}սլ	modern
Units	Volume US	cubic-yard	narrow-one-nominative	hy	{0} յրդ³	{0}յրդ³	modern
Units	Volume US	cubic-yard	narrow-other-nominative	hy	{0} յրդ³	{0}յրդ³	modern
Units	Volume US	cubic-foot	narrow-one-nominative	hy	{0} ֆտ³	{0}ֆտ³	modern
Units	Volume US	cubic-foot	narrow-other-nominative	hy	{0} ֆտ³	{0}ֆտ³	modern
Units	Volume US	cubic-inch	narrow-one-nominative	hy	{0} մատ³	{0}մատ³	modern
Units	Volume US	cubic-inch	narrow-other-nominative	hy	{0} մատ³	{0}մատ³	modern
Units	Volume US	gallon	narrow-one-nominative	hy	{0} գալ	{0}գալ	modern
Units	Volume US	gallon	narrow-other-nominative	hy	{0} գալ	{0}գալ	modern
Units	Volume US	quart	narrow-one-nominative	hy	{0} քվարտ	{0}քվարտ	modern
Units	Volume US	quart	narrow-other-nominative	hy	{0} քվարտ	{0}քվարտ	modern
Units	Volume US	pint	narrow-one-nominative	hy	{0} փինթ	{0}փինթ	modern
Units	Volume US	pint	narrow-other-nominative	hy	{0} փինթ	{0}փինթ	modern
Units	Volume US	cup	narrow-one-nominative	hy	{0} բաժ․	{0}բաժ․	modern
Units	Volume US	cup	narrow-other-nominative	hy	{0} բաժ․	{0}բաժ․	modern
Units	Volume US	tablespoon	narrow-one-nominative	hy	{0} ճգ.	{0}ճգ.	modern
Units	Volume US	tablespoon	narrow-other-nominative	hy	{0} ճգ.	{0}ճգ.	modern
Units	Volume US	barrel	narrow-one-nominative	hy	{0} տկռ	{0}տկռ	modern
Units	Volume US	barrel	narrow-other-nominative	hy	{0} տկռ	{0}տկռ	modern
Units	Volume US	dessert-spoon	narrow-one-nominative	hy	{0} ագ․	{0}ագ․	modern
Units	Volume US	dessert-spoon	narrow-other-nominative	hy	{0} ագ․	{0}ագ․	modern
Units	Volume US	jigger	narrow-one-nominative	hy	{0} ջիգեր	{0}ջիգեր	modern
Units	Volume US	jigger	narrow-other-nominative	hy	{0} ջիգեր	{0}ջիգեր	modern
Units	Volume US	pinch	narrow-one-nominative	hy	{0} պտղունց	{0}պտղունց	modern
Units	Volume US	pinch	narrow-other-nominative	hy	{0} պտղունց	{0}պտղունց	modern
Units	Mass and Weight	milligram	narrow-one-nominative	hy	{0} մգ	{0}մգ	modern
Units	Mass and Weight	milligram	narrow-other-nominative	hy	{0} մգ	{0}մգ	modern
Units	Mass and Weight	microgram	narrow-one-nominative	hy	{0} մկգ	{0}մկգ	modern
Units	Mass and Weight	microgram	narrow-other-nominative	hy	{0} մկգ	{0}մկգ	modern
Units	Mass and Weight	carat	narrow-one-nominative	hy	{0} կար	{0}կար	modern
Units	Mass and Weight	carat	narrow-other-nominative	hy	{0} կար	{0}կար	modern
Units	Mass and Weight	earth-mass	narrow-one-nominative	hy	{0} M⊕	{0}M⊕	modern
Units	Mass and Weight	earth-mass	narrow-other-nominative	hy	{0} M⊕	{0}M⊕	modern
Units	Mass and Weight	solar-mass	narrow-one-nominative	hy	{0} M☉	{0}M☉	modern
Units	Mass and Weight	solar-mass	narrow-other-nominative	hy	{0} M☉	{0}M☉	modern
Units	Energy and Power	kilocalorie	narrow-one-nominative	hy	{0} կկալ	{0}կկալ	modern
Units	Energy and Power	kilocalorie	narrow-other-nominative	hy	{0} կկալ	{0}կկալ	modern
Units	Energy and Power	kilojoule	narrow-one-nominative	hy	{0} կՋ	{0}կՋ	modern
Units	Energy and Power	kilojoule	narrow-other-nominative	hy	{0} կՋ	{0}կՋ	modern
Units	Energy and Power	electronvolt	narrow-one-nominative	hy	{0} էՎ	{0}էՎ	modern
Units	Energy and Power	electronvolt	narrow-other-nominative	hy	{0} էՎ	{0}էՎ	modern
Units	Energy and Power	british-thermal-unit	narrow-one-nominative	hy	{0} Բջմ	{0}Բջմ	modern
Units	Energy and Power	british-thermal-unit	narrow-other-nominative	hy	{0} Բջմ	{0}Բջմ	modern
Units	Energy and Power	milliwatt	narrow-one-nominative	hy	{0} մՎտ	{0}մՎտ	modern
Units	Energy and Power	milliwatt	narrow-other-nominative	hy	{0} մՎտ	{0}մՎտ	modern
Units	Electrical and Frequency	ampere	narrow-one-nominative	hy	{0} Ա	{0}Ա	modern
Units	Electrical and Frequency	ampere	narrow-other-nominative	hy	{0} Ա	{0}Ա	modern
Units	Electrical and Frequency	milliampere	narrow-one-nominative	hy	{0} մԱ	{0}մԱ	modern
Units	Electrical and Frequency	milliampere	narrow-other-nominative	hy	{0} մԱ	{0}մԱ	modern
Units	Electrical and Frequency	volt	narrow-one-nominative	hy	{0} Վ	{0}Վ	modern
Units	Electrical and Frequency	volt	narrow-other-nominative	hy	{0} Վ	{0}Վ	modern
Units	Electrical and Frequency	gigahertz	narrow-one-nominative	hy	{0} ԳՀց	{0}ԳՀց	modern
Units	Electrical and Frequency	gigahertz	narrow-other-nominative	hy	{0} ԳՀց	{0}ԳՀց	modern
Units	Electrical and Frequency	megahertz	narrow-one-nominative	hy	{0} ՄՀց	{0}ՄՀց	modern
Units	Electrical and Frequency	megahertz	narrow-other-nominative	hy	{0} ՄՀց	{0}ՄՀց	modern
Units	Electrical and Frequency	kilohertz	narrow-one-nominative	hy	{0} կՀց	{0}կՀց	modern
Units	Electrical and Frequency	kilohertz	narrow-other-nominative	hy	{0} կՀց	{0}կՀց	modern
Units	Electrical and Frequency	hertz	narrow-one-nominative	hy	{0} Հց	{0}Հց	modern
Units	Electrical and Frequency	hertz	narrow-other-nominative	hy	{0} Հց	{0}Հց	modern
Units	Weather	bar	narrow-one-nominative	hy	{0} բար	{0}բար	modern
Units	Weather	bar	narrow-other-nominative	hy	{0} բար	{0}բար	modern
Units	Weather	millibar	narrow-one-nominative	hy	{0} մբ	{0}մբ	modern
Units	Weather	millibar	narrow-other-nominative	hy	{0} մբ	{0}մբ	modern
Units	Weather	atmosphere	narrow-one-nominative	hy	{0} մթն	{0}մթն	modern
Units	Weather	atmosphere	narrow-other-nominative	hy	{0} մթն	{0}մթն	modern
Units	Weather	pascal	narrow-one-nominative	hy	{0} Պա	{0}Պա	modern
Units	Weather	pascal	narrow-other-nominative	hy	{0} Պա	{0}Պա	modern
Units	Weather	hectopascal	narrow-one-nominative	hy	{0} հՊա	{0}հՊա	modern
Units	Weather	hectopascal	narrow-other-nominative	hy	{0} հՊա	{0}հՊա	modern
Units	Weather	kilopascal	narrow-one-nominative	hy	{0} կՊա	{0}կՊա	modern
Units	Weather	kilopascal	narrow-other-nominative	hy	{0} կՊա	{0}կՊա	modern
Units	Weather	megapascal	narrow-one-nominative	hy	{0} ՄՊա	{0}ՄՊա	modern
Units	Weather	megapascal	narrow-other-nominative	hy	{0} ՄՊա	{0}ՄՊա	modern
Units	Weather	kelvin	narrow-one-nominative	hy	{0} Կ	{0}Կ	modern
Units	Weather	kelvin	narrow-other-nominative	hy	{0} Կ	{0}Կ	modern
Units	Digital	petabyte	narrow-one-nominative	hy	{0} ՊԲ	{0}ՊԲ	modern
Units	Digital	petabyte	narrow-other-nominative	hy	{0} ՊԲ	{0}ՊԲ	modern
Units	Digital	terabyte	narrow-one-nominative	hy	{0} ՏԲ	{0}ՏԲ	modern
Units	Digital	terabyte	narrow-other-nominative	hy	{0} ՏԲ	{0}ՏԲ	modern
Units	Digital	terabit	narrow-one-nominative	hy	{0} Տբիթ	{0}Տբիթ	modern
Units	Digital	terabit	narrow-other-nominative	hy	{0} Տբիթ	{0}Տբիթ	modern
Units	Digital	gigabyte	narrow-one-nominative	hy	{0} ԳԲ	{0}ԳԲ	modern
Units	Digital	gigabyte	narrow-other-nominative	hy	{0} ԳԲ	{0}ԳԲ	modern
Units	Digital	gigabit	narrow-one-nominative	hy	{0} Գբիթ	{0}Գբիթ	modern
Units	Digital	gigabit	narrow-other-nominative	hy	{0} Գբիթ	{0}Գբիթ	modern
Units	Digital	megabyte	narrow-one-nominative	hy	{0} ՄԲ	{0}ՄԲ	modern
Units	Digital	megabyte	narrow-other-nominative	hy	{0} ՄԲ	{0}ՄԲ	modern
Units	Digital	megabit	narrow-one-nominative	hy	{0} Մբիթ	{0}Մբիթ	modern
Units	Digital	megabit	narrow-other-nominative	hy	{0} Մբիթ	{0}Մբիթ	modern
Units	Digital	kilobyte	narrow-one-nominative	hy	{0} կԲ	{0}կԲ	modern
Units	Digital	kilobyte	narrow-other-nominative	hy	{0} կԲ	{0}կԲ	modern
Units	Digital	kilobit	narrow-one-nominative	hy	{0} կբիթ	{0}կբիթ	modern
Units	Digital	kilobit	narrow-other-nominative	hy	{0} կբիթ	{0}կբիթ	modern
Units	Digital	byte	narrow-one-nominative	hy	{0} Բ	{0}Բ	modern
Units	Digital	byte	narrow-other-nominative	hy	{0} Բ	{0}Բ	modern
Units	Digital	bit	narrow-one-nominative	hy	{0} բիթ	{0}բիթ	modern
Units	Digital	bit	narrow-other-nominative	hy	{0} բիթ	{0}բիթ	modern
Units	Other Units Metric	revolution	narrow-one-nominative	hy	{0} պտ	{0}պտ	modern
Units	Other Units Metric	revolution	narrow-other-nominative	hy	{0} պտ	{0}պտ	modern
Units	Other Units Metric	radian	narrow-one-nominative	hy	{0} ռադ	{0}ռադ	modern
Units	Other Units Metric	radian	narrow-other-nominative	hy	{0} ռադ	{0}ռադ	modern
Units	Other Units Metric	karat	narrow-one-nominative	hy	{0} կար	{0}կար	modern
Units	Other Units Metric	karat	narrow-other-nominative	hy	{0} կար	{0}կար	modern
Units	Other Units Metric	item	narrow-one-nominative	hy	{0} միույթ	{0}միույթ	modern
Units	Other Units Metric	item	narrow-other-nominative	hy	{0} միույթ	{0}միույթ	modern
Units	Other Units Metric	lux	narrow-one-nominative	hy	{0} լք	{0}լք	modern
Units	Other Units Metric	lux	narrow-other-nominative	hy	{0} լք	{0}լք	modern
#Section	Page	Header	Code	Locale	Old	New	Level
Locale Display Names	Geographic Regions	world	001	ia	Mundo	mundo	basic
#Section	Page	Header	Code	Locale	Old	New	Level
Core Data	Alphabetic Information	Characters in Use	Main Letters	ig	…[\u1EB9]…	…[]…	core
Date & Time	Fields	Date Fields	era	ig	Agba	Oge	moderate
Date & Time	Fields	Date Fields	second	ig	Tịm kọm	Second	moderate
Date & Time	Gregorian	Day Periods - abbreviated - Formatting	am	ig	A.M.	N’ụtụtụ	moderate
Date & Time	Gregorian	Day Periods - abbreviated - Formatting	pm	ig	P.M.	N’abalị	moderate
#Section	Page	Header	Code	Locale	Old	New	Level
Core Data	Alphabetic Information	Characters in Use	Main Letters	it	…[\u00F3]…	…[]…	core
Numbers	Symbols	Grouping Control	Minimum Grouping Digits	it	1	2	moderate
#Section	Page	Header	Code	Locale	Old	New	Level
Core Data	Alphabetic Information	Characters in Use	Main Letters	kn	…[\u0CE6-\u0CEF]…	…[]…	core
Date & Time	Gregorian	Day Periods - wide - Formatting	am	kn	ಪೂರ್ವಾಹ್ನ	AM	basic
Date & Time	Gregorian	Day Periods - wide - Formatting	pm	kn	ಅಪರಾಹ್ನ	PM	basic
Date & Time	Gregorian	Day Periods - abbreviated - Formatting	am	kn	ಪೂರ್ವಾಹ್ನ	AM	moderate
Date & Time	Gregorian	Day Periods - abbreviated - Formatting	pm	kn	ಅಪರಾಹ್ನ	PM	moderate
#Section	Page	Header	Code	Locale	Old	New	Level
Date & Time	Gregorian	Day Periods - wide - Formatting	am	kok	सकाळ	सकाळीं	basic
Date & Time	Gregorian	Day Periods - wide - Formatting	pm	kok	सांज	सांजे	basic
#Section	Page	Header	Code	Locale	Old	New	Level
Date & Time	Gregorian	Formats - Standard - Date Formats	full	lo	EEEE ທີ d MMMM G y	EEEE, d MMMM y	moderate
#Section	Page	Header	Code	Locale	Old	New	Level
Date & Time	Gregorian	Formats - Intervals - 12 Hour Time Formats	hmv/m	lt	h:mm–h:mm a v	h:mm–h:mm a v	moderate
#Section	Page	Header	Code	Locale	Old	New	Level
Units	Length Metric	millimeter	narrow-one-nominative	lv	{0}mm	{0} mm	modern
#Section	Page	Header	Code	Locale	Old	New	Level
Date & Time	Gregorian	Eras - wide	0-variant	mk	пр. н.е.	пр. н. е.	moderate
Date & Time	Gregorian	Eras - abbreviated	1	mk	н.е.	н. е.	moderate
Date & Time	Gregorian	Eras - abbreviated	1-variant	mk	н.е.	н. е.	moderate
Date & Time	Gregorian	Formats - Standard - Date Formats	full	mk	EEEE, d MMMM y	EEEE, d MMMM y 'г'.	moderate
Date & Time	Gregorian	Formats - Standard - Date Formats	long	mk	d MMMM y	d MMMM y 'г'.	moderate
Date & Time	Gregorian	Formats - Standard - Date Formats	medium	mk	d.M.y	d.M.y 'г'.	moderate
#Section	Page	Header	Code	Locale	Old	New	Level
Core Data	Alphabetic Information	Characters in Use	Main Letters	ml	…[\u0D02\u0D3E-\u0D43\u0D46-\u0D48\u0D4A-\u0D4D\u0D57\u0D7A-\u0D7E]…	…[{\u0D05\u0D02}{\u0D05\u0D03}]…	core
#Section	Page	Header	Code	Locale	Old	New	Level
Core Data	Alphabetic Information	Characters in Use	Main Letters	mr	…[\u0901\u090D\u0931\u093C]…	…[{\u0915\u094D\u0937}{\u091C\u094D\u091E}]…	core
Timezones	Africa	Indian_Ocean	standard-long	mr	हिंदमहासागर वेळ	हिंद महासागर वेळ	moderate
Units	Length Other	mile	narrow-one-nominative	mr	{0}मैल	{0} मैल	modern
Units	Length Other	mile	narrow-other-nominative	mr	{0}मैल	{0} मैल	modern
#Section	Page	Header	Code	Locale	Old	New	Level
Date & Time	Gregorian	Formats - Standard - Date Formats	full	my	y၊ MMMM d၊ EEEE	y MMMM d EEEE	moderate
Date & Time	Gregorian	Formats - Standard - Date Formats	long	my	y၊ MMMM d	y MMMM d	moderate
Date & Time	Gregorian	Formats - Standard - Date Formats	medium	my	y၊ MMM d	y MMM d	moderate
Date & Time	Gregorian	Formats - Flexible - Date Formats	MEd	my	d/M၊ E	d/M E	moderate
Date & Time	Gregorian	Formats - Flexible - Date Formats	MMMEd	my	MMM d၊ E	MMM d E	moderate
Currencies	Southeast Asia (C)	Southeast Asia: Philippines	PHP-symbol	my	PHP	₱	moderate
#Section	Page	Header	Code	Locale	Old	New	Level
Numbers	Number Formatting Patterns	Standard Patterns 	accounting-currency	nn	#,##0.00 ¤	¤ #,##0.00;(¤ #,##0.00)	moderate
#Section	Page	Header	Code	Locale	Old	New	Level
Units	Other Units Metric Per	percent	narrow-one-nominative	no	{0} %	{0}%	modern
Units	Other Units Metric Per	percent	narrow-other-nominative	no	{0} %	{0}%	modern
Units	Other Units Metric Per	permille	narrow-one-nominative	no	{0} ‰	{0}‰	modern
Units	Other Units Metric Per	permille	narrow-other-nominative	no	{0} ‰	{0}‰	modern
Units	Other Units Metric Per	permyriad	narrow-one-nominative	no	{0} ‱	{0}‱	modern
Units	Other Units Metric Per	permyriad	narrow-other-nominative	no	{0} ‱	{0}‱	modern
Units	Other Units Metric Per	liter-per-100-kilometer	narrow-one-nominative	no	{0} l/100km	{0}l/100km	modern
Units	Other Units Metric Per	liter-per-100-kilometer	narrow-other-nominative	no	{0} l/100km	{0}l/100km	modern
#Section	Page	Header	Code	Locale	Old	New	Level
Date & Time	Fields	Date Fields	era	om	Era	bara	moderate
Date & Time	Fields	Date Fields	year	om	Year	waggaa	moderate
Date & Time	Fields	Date Fields	month	om	Month	ji’a	moderate
Date & Time	Fields	Date Fields	week	om	Week	torbee	moderate
Date & Time	Fields	Date Fields	day	om	Day	guyyaa	moderate
Date & Time	Fields	Date Fields	hour	om	Hour	sa’aatii	moderate
Date & Time	Fields	Date Fields	minute	om	Minute	daqiiqaa	moderate
Date & Time	Fields	Date Fields	second	om	Second	sekoondii	moderate
Date & Time	Gregorian	Formats - Standard - Date Formats	long	om	dd MMMM y	MMMM d, y	moderate
Date & Time	Gregorian	Formats - Standard - Date Formats	medium	om	dd-MMM-y	MMM d, y	moderate
Date & Time	Gregorian	Formats - Standard - Date Formats	short	om	dd/MM/yy	M/d/yy	moderate
Date & Time	Gregorian	Formats - Flexible - Date Formats	MEd	om	MM-dd, E	E, M/d	moderate
Date & Time	Gregorian	Formats - Flexible - Date Formats	MMMEd	om	MMM d, E	E, MMM d	moderate
Date & Time	Gregorian	Formats - Flexible - 12 Hour Time Formats	hmv	om	h:mm a v	h:mm a v	moderate
#Section	Page	Header	Code	Locale	Old	New	Level
Core Data	Alphabetic Information	Characters in Use	Main Letters	or	…[]…	…[{\u0B15\u0B4D\u0B37}]…	core
#Section	Page	Header	Code	Locale	Old	New	Level
Numbers	Symbols	Symbols using Arabic-Indic Digits (arab)	decimal	pa	٫	.	basic
Numbers	Symbols	Symbols using Arabic-Indic Digits (arab)	group	pa	٬	,	basic
Numbers	Number Formatting Patterns	Standard Patterns using Arabic-Indic Digits (arab)	standard-currency	pa	#,##0.00 ¤	¤#,##,##0.00	basic
#Section	Page	Header	Code	Locale	Old	New	Level
Miscellaneous	Person Name Formats	AuxiliaryItems	pattern-initialSequence	pcm	{0} {1}	{0}{1}	modern
Miscellaneous	Person Name Formats	PersonName Main Patterns for Order: givenFirst	short-referring-formal	pcm	{given-initial} {given2-initial} {surname}	{given-initial}{given2-initial} {surname}	modern
Miscellaneous	Person Name Formats	PersonName Main Patterns for Order: surnameFirst	short-referring-formal	pcm	{surname} {given-initial} {given2-initial}	{surname} {given-initial}{given2-initial}	modern
#Section	Page	Header	Code	Locale	Old	New	Level
Date & Time	Fields	Date Fields	era	ps	‫پېر‬	‫دور‬	moderate
#Section	Page	Header	Code	Locale	Old	New	Level
Date & Time	Fields	Date Fields	year	qu	Year	wata	moderate
Date & Time	Fields	Date Fields	month	qu	Month	killa	moderate
Date & Time	Fields	Date Fields	week	qu	Week	simana	moderate
Date & Time	Fields	Date Fields	day	qu	Day	punchaw	moderate
Date & Time	Fields	Date Fields	hour	qu	Hour	ura	moderate
Date & Time	Fields	Date Fields	minute	qu	Minute	minutu	moderate
Date & Time	Fields	Date Fields	second	qu	Second	segundu	moderate
#Section	Page	Header	Code	Locale	Old	New	Level
Date & Time	Gregorian	Formats - Intervals - Date Formats	Bhm/h	ru	h:mm – h:mm B	h:mm–h:mm B	modern
Date & Time	Gregorian	Formats - Intervals - Date Formats	Bhm/m	ru	h:mm – h:mm B	h:mm–h:mm B	modern
Date & Time	Gregorian	Formats - Intervals - Date Formats	GyM/M	ru	MM.y – MM.y G	MM.y–MM.y G	moderate
Date & Time	Gregorian	Formats - Intervals - Date Formats	GyM/y	ru	MM.y – MM.y G	MM.y–MM.y G	moderate
Date & Time	Gregorian	Formats - Intervals - Date Formats	GyMd/d	ru	dd.MM.y – dd.MM.y G	dd.MM.y–dd.MM.y G	moderate
Date & Time	Gregorian	Formats - Intervals - Date Formats	GyMd/M	ru	dd.MM.y – dd.MM.y G	dd.MM.y–dd.MM.y G	moderate
Date & Time	Gregorian	Formats - Intervals - Date Formats	GyMd/y	ru	dd.MM.y – dd.MM.y G	dd.MM.y–dd.MM.y G	moderate
Date & Time	Gregorian	Formats - Intervals - Date Formats	Md/d	ru	dd.MM – dd.MM	dd.MM–dd.MM	moderate
Date & Time	Gregorian	Formats - Intervals - Date Formats	Md/M	ru	dd.MM – dd.MM	dd.MM–dd.MM	moderate
Date & Time	Gregorian	Formats - Intervals - Date Formats	yM/M	ru	MM.y – MM.y	MM.y–MM.y	moderate
Date & Time	Gregorian	Formats - Intervals - Date Formats	yM/y	ru	MM.y – MM.y	MM.y–MM.y	moderate
Date & Time	Gregorian	Formats - Intervals - Date Formats	yMd/d	ru	dd.MM.y – dd.MM.y	dd.MM.y–dd.MM.y	moderate
Date & Time	Gregorian	Formats - Intervals - Date Formats	yMd/M	ru	dd.MM.y – dd.MM.y	dd.MM.y–dd.MM.y	moderate
Date & Time	Gregorian	Formats - Intervals - Date Formats	yMd/y	ru	dd.MM.y – dd.MM.y	dd.MM.y–dd.MM.y	moderate
#Section	Page	Header	Code	Locale	Old	New	Level
Locale Display Names	Languages (K-N)	K	Kinyarwanda ► rw	rw	Kinyarwanda	Ikinyarwanda	basic
#Section	Page	Header	Code	Locale	Old	New	Level
Numbers	Symbols	Symbols using Arabic-Indic Digits (arab)	decimal	sd	٫	.	basic
Units	Duration	quarter	narrow-one-nominative	sd	‫{0} ٽه ماهي‬	‫{0}ٽه ماهي‬	modern
Units	Duration	quarter	narrow-other-nominative	sd	‫{0} ٽه ماهي‬	‫{0}ٽه ماهي‬	modern
Units	Duration	month	narrow-other-nominative	sd	‫{0} مهينا‬	‫{0}مهينا‬	modern
Units	Duration	day	narrow-one-nominative	sd	‫{0} ڏينهن‬	‫{0}ڏينهن‬	modern
Units	Duration	day	narrow-other-nominative	sd	‫{0} ڏينهن‬	‫{0}ڏينهن‬	modern
Units	Duration	second	narrow-other-nominative	sd	‫{0} سيڪنڊ‬	‫{0}سيڪنڊ‬	modern
Units	Duration	microsecond	narrow-one-nominative	sd	‫{0} مائڪرو سيڪنڊ‬	‫{0}مائڪرو سيڪنڊ‬	modern
Units	Duration	microsecond	narrow-other-nominative	sd	‫{0} مائڪرو سيڪنڊ‬	‫{0}مائڪرو سيڪنڊ‬	modern
#Section	Page	Header	Code	Locale	Old	New	Level
Units	Other Units Metric Per	kilowatt-hour-per-100-kilometer	short-displayName	sk	kWh/100km	kWh/100 km	modern
Units	Other Units Metric Per	kilowatt-hour-per-100-kilometer	narrow-displayName	sk	kWh/100km	kWh/100 km	modern
Units	Other Units Metric Per	kilowatt-hour-per-100-kilometer	short-one-nominative	sk	{0} kWh/100km	{0} kWh/100 km	modern
Units	Other Units Metric Per	kilowatt-hour-per-100-kilometer	short-few-nominative	sk	{0} kWh/100km	{0} kWh/100 km	modern
Units	Other Units Metric Per	kilowatt-hour-per-100-kilometer	short-many-nominative	sk	{0} kWh/100km	{0} kWh/100 km	modern
Units	Other Units Metric Per	kilowatt-hour-per-100-kilometer	short-other-nominative	sk	{0} kWh/100km	{0} kWh/100 km	modern
Units	Other Units Metric Per	kilowatt-hour-per-100-kilometer	narrow-one-nominative	sk	{0} kWh/100km	{0} kWh/100 km	modern
Units	Other Units Metric Per	kilowatt-hour-per-100-kilometer	narrow-few-nominative	sk	{0} kWh/100km	{0} kWh/100 km	modern
Units	Other Units Metric Per	kilowatt-hour-per-100-kilometer	narrow-many-nominative	sk	{0} kWh/100km	{0} kWh/100 km	modern
Units	Other Units Metric Per	kilowatt-hour-per-100-kilometer	narrow-other-nominative	sk	{0} kWh/100km	{0} kWh/100 km	modern
#Section	Page	Header	Code	Locale	Old	New	Level
Numbers	Symbols	Grouping Control	Minimum Grouping Digits	sl	1	2	moderate
#Section	Page	Header	Code	Locale	Old	New	Level
Date & Time	Fields	Date Fields	year	so	Sannad	sannad	moderate
Units	Speed and Acceleration	knot	narrow-one-nominative	so	{0} nt	{0}nt	modern
Units	Speed and Acceleration	knot	narrow-other-nominative	so	{0} nt	{0}nt	modern
#Section	Page	Header	Code	Locale	Old	New	Level
Date & Time	Gregorian	Formats - Standard - Date Formats	short	sr	d.M.yy.	d. M. y.	moderate
Currencies	Southern/Eastern Europe	Southern Europe: Bosnia & Herzegovina	BAM-name-one	sr	босанско-херцеговачка конвертибилна марка	босанскохерцеговачка конвертибилна марка	moderate
Currencies	Southern/Eastern Europe	Southern Europe: Bosnia & Herzegovina	BAM-name-few	sr	босанско-херцеговачке конвертибилне маркe	босанскохерцеговачке конвертибилне маркe	moderate
Currencies	Southern/Eastern Europe	Southern Europe: Bosnia & Herzegovina	BAM-name-other	sr	босанско-херцеговачких конвертибилних марака	босанскохерцеговачких конвертибилних марака	moderate
Currencies	Southern/Eastern Europe	Southern Europe: Bosnia & Herzegovina	BAM-name	sr	босанско-херцеговачка конвертибилна марка	босанскохерцеговачка конвертибилна марка	moderate
Currencies	Unknown Region (C)	Unknown Region: EUR	EUR-name	sr	Евро	евро	moderate
#Section	Page	Header	Code	Locale	Old	New	Level
Locale Display Names	Territories (Africa)	Southern Africa	LS	st	LS	Lesotho	basic
Locale Display Names	Territories (Africa)	Southern Africa	ZA	st	ZA	Afrika Borwa	basic
Date & Time	Gregorian	Day Periods - wide - Formatting	am	st	AM	Hoseng	basic
Date & Time	Gregorian	Day Periods - wide - Formatting	pm	st	PM	Thapama	basic
Numbers	Symbols	Symbols 	decimal	st	,	.	basic
Numbers	Symbols	Symbols 	group	st	 	,	basic
#Section	Page	Header	Code	Locale	Old	New	Level
Currencies	Central Asia (C)	Central Asia: Tajikistan	TJS-name-other	tg	Сомонӣ	сомонии Тоҷикистон	moderate
Currencies	Central Asia (C)	Central Asia: Tajikistan	TJS-name	tg	Сомонӣ	Сомонии Тоҷикистон	moderate
#Section	Page	Header	Code	Locale	Old	New	Level
Date & Time	Fields	Date Fields	second	ti	ካልኢት	ሴኮንድ	moderate
Date & Time	Gregorian	Formats - Standard - Date Formats	long	ti	d MMMM y	MMMM d, y	moderate
Date & Time	Gregorian	Formats - Standard - Date Formats	medium	ti	d MMM y	MMM d, y	moderate
Date & Time	Gregorian	Formats - Standard - Date Formats	short	ti	dd/MM/yy	M/d/yy	moderate
Currencies	Eastern Africa	Eastern Africa: Eritrea	ERN-name-one	ti	ናቕፋ	ኤርትራዊ ናቕፋ	moderate
Currencies	Eastern Africa	Eastern Africa: Eritrea	ERN-name-other	ti	ናቕፋ	ኤርትራዊ ናቕፋ	moderate
Currencies	Eastern Africa	Eastern Africa: Eritrea	ERN-name	ti	ናቕፋ	ኤርትራዊ ናቕፋ	moderate
Currencies	Eastern Africa	Eastern Africa: Ethiopia	ETB-name-one	ti	ብር	ናይ ኢትዮጵያ ብር	moderate
Currencies	Eastern Africa	Eastern Africa: Ethiopia	ETB-name-other	ti	ብር	ናይ ኢትዮጵያ ብር	moderate
Units	Length Other	nautical-mile	narrow-one-nominative	ti	{0} nmi	{0}nmi	modern
Units	Length Other	nautical-mile	narrow-other-nominative	ti	{0} nmi	{0}nmi	modern
Units	Length Other	solar-radius	narrow-one-nominative	ti	{0} R☉	{0}R☉	modern
Units	Length Other	solar-radius	narrow-other-nominative	ti	{0} R☉	{0}R☉	modern
#Section	Page	Header	Code	Locale	Old	New	Level
Locale Display Names	Territories (Africa)	Southern Africa	BW	tn	BW	Botswana	basic
Numbers	Symbols	Symbols 	group	tn	 	’	basic
#Section	Page	Header	Code	Locale	Old	New	Level
Date & Time	Gregorian	Formats - Standard - Date Formats	full	uk	cccc, d MMMM y 'р'.	EEEE, d MMMM y 'р'.	moderate
Units	Volume US	dram	narrow-displayName	uk	рід. дрхм	рід.дрхм	modern
Units	Volume Other	quart-imperial	narrow-one-nominative	uk	{0} англ. квар.	{0}англ.квар.	modern
Units	Volume Other	quart-imperial	narrow-few-nominative	uk	{0} англ. квар.	{0}англ.квар.	modern
Units	Volume Other	quart-imperial	narrow-many-nominative	uk	{0} англ. квар.	{0}англ.квар.	modern
Units	Volume Other	quart-imperial	narrow-other-nominative	uk	{0} англ. квар.	{0}англ.квар.	modern
Units	Other Units Metric Per	permillion	narrow-displayName	uk	м. д.	м.д.	modern
Units	Other Units Metric Per	percent	short-one-nominative	uk	{0}%	{0} %	modern
Units	Other Units Metric Per	percent	short-few-nominative	uk	{0}%	{0} %	modern
Units	Other Units Metric Per	percent	short-many-nominative	uk	{0}%	{0} %	modern
Units	Other Units Metric Per	percent	short-other-nominative	uk	{0}%	{0} %	modern
Units	Other Units Metric Per	permille	short-one-nominative	uk	{0}‰	{0} ‰	modern
Units	Other Units Metric Per	permille	short-few-nominative	uk	{0}‰	{0} ‰	modern
Units	Other Units Metric Per	permille	short-many-nominative	uk	{0}‰	{0} ‰	modern
Units	Other Units Metric Per	permille	short-other-nominative	uk	{0}‰	{0} ‰	modern
Units	Other Units Metric Per	permyriad	short-one-nominative	uk	{0}‱	{0} ‱	modern
Units	Other Units Metric Per	permyriad	short-few-nominative	uk	{0}‱	{0} ‱	modern
Units	Other Units Metric Per	permyriad	short-many-nominative	uk	{0}‱	{0} ‱	modern
Units	Other Units Metric Per	permyriad	short-other-nominative	uk	{0}‱	{0} ‱	modern
Units	Other Units Metric Per	kilowatt-hour-per-100-kilometer	narrow-displayName	uk	кВт⋅год/100 км	кВт⋅год/100км	modern
#Section	Page	Header	Code	Locale	Old	New	Level
Numbers	Symbols	Symbols using Arabic-Indic Digits (arab)	decimal	ur	٫	،	basic
Numbers	Symbols	Symbols using Arabic-Indic Digits (arab)	group	ur	٬	,	basic
#Section	Page	Header	Code	Locale	Old	New	Level
Numbers	Compact Decimal Formatting	Short Currency 	4-digits-short-other	wo	¤ 0K	¤0K	moderate
Numbers	Compact Decimal Formatting	Short Currency 	5-digits-short-other	wo	¤ 00K	¤00K	moderate
Numbers	Compact Decimal Formatting	Short Currency 	6-digits-short-other	wo	¤ 000K	¤000K	moderate
Numbers	Compact Decimal Formatting	Short Currency 	7-digits-short-other	wo	¤ 0M	¤0M	moderate
Numbers	Compact Decimal Formatting	Short Currency 	8-digits-short-other	wo	¤ 00M	¤00M	moderate
Numbers	Compact Decimal Formatting	Short Currency 	9-digits-short-other	wo	¤ 000M	¤000M	moderate
Numbers	Compact Decimal Formatting	Short Currency 	13-digits-short-other	wo	¤ 0T	¤0T	moderate
Numbers	Compact Decimal Formatting	Short Currency 	14-digits-short-other	wo	¤ 00T	¤00T	moderate
Numbers	Compact Decimal Formatting	Short Currency 	15-digits-short-other	wo	¤ 000T	¤000T	moderate
Currencies	North America (C)	Central America: Guatemala	GTQ-symbol	wo	GTQ	GT Q	moderate
Currencies	South America (C)	South America: Chile	CLP-symbol-narrow	wo	$	Vote $	moderate
Currencies	Southern/Eastern Europe	Eastern Europe: Hungary	HUF-symbol-narrow	wo	Ft	Vote Ft	moderate
Currencies	Southern/Eastern Europe	Eastern Europe: Moldova	MDL-symbol	wo	MDL	Vote MDL	moderate
Currencies	Southern/Eastern Europe	Eastern Europe: Romania	RON-symbol-narrow	wo	lei	Vote lei	moderate
Currencies	Southern/Eastern Europe	Southern Europe: Gibraltar	GIP-symbol	wo	GIP	GIIP	moderate
Currencies	Southern/Eastern Europe	Southern Europe: Croatia: HRK (old)	HRK-symbol	wo	HRK	HRKS	moderate
Currencies	Northern Africa	Northern Africa: Egypt	EGP-symbol	wo	EGP	EGPP	moderate
Currencies	Western Africa	Western Africa: Ghana	GHS-symbol	wo	GHS	GHS.	moderate
Currencies	Western Africa	Western Africa: Nigeria	NGN-symbol	wo	NGN	NGN.	moderate
#Section	Page	Header	Code	Locale	Old	New	Level
Miscellaneous	Person Name Formats	AuxiliaryItems	pattern-initialSequence	yo	{0} {1}	{0}{1}	modern
#Section	Page	Header	Code	Locale	Old	New	Level
Locale Display Names	Territories (Asia)	Eastern Asia	CN	yue	中華人民共和國	中國	basic
Locale Display Names	Territories (Asia)	Eastern Asia	HK	yue	中華人民共和國香港特別行政區	中國香港特別行政區	basic
#Section	Page	Header	Code	Locale	Old	New	Level
Date & Time	Islamic	Formats - Flexible - Date Formats	yyyyMd	zh	G y/M/d	Gy/M/d	modern
Date & Time	Islamic	Formats - Flexible - Date Formats	yyyyMEd	zh	G y/M/dE	Gy/M/dE	modern
Currencies	Eastern Asia (C)	Eastern Asia: South Korea	KRW-symbol	zh	￦	₩	moderate
Units	Mass and Weight	kilogram	narrow-other-nominative	zh_Hant_HK	{0} 公斤	{0}公斤	modern
#Section	Page	Header	Code	Locale	Old	New	Level
Date & Time	Fields	Date Fields	era	zh_Hant	年代	紀元	moderate
