#Path Level	#Locales	Locales	Section	Page	Header	Code
modern	1	qu‡	Characters	Travel & Places 2	transport-air	💺 –keywords
modern	1	qu‡	Characters	Travel & Places 2	transport-air	💺 -name
modern	1	qu‡	Characters	Objects2	mail	📦 –keywords
modern	1	qu‡	Characters	Objects2	mail	📦 -name
modern	1	mr	Characters	Emoji Symbols	transport-sign	🚾 –keywords
modern	1	mr	Characters	Emoji Symbols	transport-sign	🚾 -name
modern	2	sr_Latn‡ yue_Hans‡	Characters	Travel & Places	place-geographic	🛘 –keywords
modern	2	sr_Latn‡ yue_Hans‡	Characters	Travel & Places	place-geographic	🛘 -name
modern	2	sr_Latn‡ yue_Hans‡	Characters	People & Body 2	person-activity	🧑‍🩰 –keywords
modern	2	sr_Latn‡ yue_Hans‡	Characters	People & Body 2	person-activity	🧑‍🩰 -name
modern	4	hi sr_Latn‡ yue_Hans‡ fr	Characters	Objects	musical-instrument	🪊 –keywords
modern	4	hi sr_Latn‡ yue_Hans‡ fr	Characters	Objects	musical-instrument	🪊 -name
modern	2	sr_Latn‡ yue_Hans‡	Characters	Objects2	money	🪎 –keywords
modern	3	nn sr_Latn‡ yue_Hans‡	Characters	Objects2	money	🪎 -name
modern	3	sr_Latn‡ sw yue_Hans‡	Characters	People & Body 2	person-fantasy	🫈 –keywords
modern	3	sr_Latn‡ sw yue_Hans‡	Characters	People & Body 2	person-fantasy	🫈 -name
modern	5	lo sr_Latn‡ sw yue_Hans‡ gd	Characters	Animals & Nature	animal-marine	🫍 –keywords
modern	5	lo sr_Latn‡ sw yue_Hans‡ gd	Characters	Animals & Nature	animal-marine	🫍 -name
modern	2	sr_Latn‡ yue_Hans‡	Characters	Food & Drink	food-fruit	🫝 –keywords
modern	2	sr_Latn‡ yue_Hans‡	Characters	Food & Drink	food-fruit	🫝 -name
modern	4	as sr_Latn‡ yue_Hans‡ sl	Characters	Smileys & Emotion	face-concerned	🫪 –keywords
modern	4	as sr_Latn‡ yue_Hans‡ sl	Characters	Smileys & Emotion	face-concerned	🫪 -name
modern	2	sr_Latn‡ yue_Hans‡	Characters	Smileys & Emotion	emotion	🫯 –keywords
modern	2	sr_Latn‡ yue_Hans‡	Characters	Smileys & Emotion	emotion	🫯 -name
modern	2	sr_Latn‡ yue_Hans‡	Date & Time	Generic	Formats - Flexible - 12 Hour Time Formats	EBh
moderate	8	ast‡ sr_Latn‡ yue_Hans‡ yrl‡ to‡ fo‡ ff_Adlm‡ kgp‡	Date & Time	Generic	Formats - Flexible - 24 Hour Time Formats	EH
moderate	8	ast‡ sr_Latn‡ yue_Hans‡ yrl‡ to‡ fo‡ ff_Adlm‡ kgp‡	Date & Time	Generic	Formats - Flexible - 12 Hour Time Formats	Eh
moderate	8	ast‡ sr_Latn‡ yue_Hans‡ yrl‡ to‡ fo‡ ff_Adlm‡ kgp‡	Date & Time	Generic	Formats - Flexible - Date Formats	GyM
moderate	8	ast‡ sr_Latn‡ yue_Hans‡ yrl‡ to‡ fo‡ ff_Adlm‡ kgp‡	Date & Time	Generic	Formats - Flexible - Date Formats	GyMEd
moderate	3	ast‡ yrl‡ kgp‡	Date & Time	Generic	Formats - Flexible - Date Formats	GyMd
moderate	1	ast‡	Date & Time	Generic	Formats - Flexible - 24 Hour Time Formats	H
moderate	1	ast‡	Date & Time	Generic	Formats - Flexible - 24 Hour Time Formats	Hm
moderate	1	ast‡	Date & Time	Generic	Formats - Flexible - 24 Hour Time Formats	Hms
moderate	8	ast‡ sr_Latn‡ yue_Hans‡ yrl‡ to‡ fo‡ ff_Adlm‡ kgp‡	Date & Time	Generic	Formats - Flexible - 24 Hour Time Formats	Hv
moderate	1	ast‡	Date & Time	Generic	Formats - Flexible - 12 Hour Time Formats	h
moderate	1	ast‡	Date & Time	Generic	Formats - Flexible - 12 Hour Time Formats	hm
moderate	1	ast‡	Date & Time	Generic	Formats - Flexible - 12 Hour Time Formats	hms
moderate	8	ast‡ sr_Latn‡ yue_Hans‡ yrl‡ to‡ fo‡ ff_Adlm‡ kgp‡	Date & Time	Generic	Formats - Flexible - 12 Hour Time Formats	hv
moderate	1	ast‡	Date & Time	Generic	Formats - Flexible - 24 Hour Time Formats	ms
moderate	3	yrl‡ ff_Adlm‡ kgp‡	Date & Time	Generic	Formats - Standard - Date & Time Combination Formats	full-atTime
moderate	8	ast‡ sr_Latn‡ yue_Hans‡ yrl‡ to‡ fo‡ ff_Adlm‡ kgp‡	Date & Time	Generic	Formats - Standard - Date & Time Combination Formats	full-relative
moderate	3	yrl‡ ff_Adlm‡ kgp‡	Date & Time	Generic	Formats - Standard - Date & Time Combination Formats	long-atTime
moderate	8	ast‡ sr_Latn‡ yue_Hans‡ yrl‡ to‡ fo‡ ff_Adlm‡ kgp‡	Date & Time	Generic	Formats - Standard - Date & Time Combination Formats	long-relative
moderate	4	ast‡ yrl‡ ff_Adlm‡ kgp‡	Date & Time	Generic	Formats - Standard - Date & Time Combination Formats	medium-atTime
moderate	8	ast‡ sr_Latn‡ yue_Hans‡ yrl‡ to‡ fo‡ ff_Adlm‡ kgp‡	Date & Time	Generic	Formats - Standard - Date & Time Combination Formats	medium-relative
moderate	4	ast‡ yrl‡ ff_Adlm‡ kgp‡	Date & Time	Generic	Formats - Standard - Date & Time Combination Formats	short-atTime
moderate	8	ast‡ sr_Latn‡ yue_Hans‡ yrl‡ to‡ fo‡ ff_Adlm‡ kgp‡	Date & Time	Generic	Formats - Standard - Date & Time Combination Formats	short-relative
moderate	1	ast‡	Date & Time	Generic	Formats - Intervals - Date Formats	Gy/G
moderate	2	ast‡ ff_Adlm‡	Date & Time	Generic	Formats - Intervals - Date Formats	Gy/y
moderate	2	ast‡ ff_Adlm‡	Date & Time	Generic	Formats - Intervals - Date Formats	GyM/G
moderate	2	ast‡ ff_Adlm‡	Date & Time	Generic	Formats - Intervals - Date Formats	GyM/M
moderate	2	ast‡ ff_Adlm‡	Date & Time	Generic	Formats - Intervals - Date Formats	GyM/y
moderate	2	ast‡ ff_Adlm‡	Date & Time	Generic	Formats - Intervals - Date Formats	GyMEd/G
moderate	2	ast‡ ff_Adlm‡	Date & Time	Generic	Formats - Intervals - Date Formats	GyMEd/M
moderate	2	ast‡ ff_Adlm‡	Date & Time	Generic	Formats - Intervals - Date Formats	GyMEd/d
moderate	2	ast‡ ff_Adlm‡	Date & Time	Generic	Formats - Intervals - Date Formats	GyMEd/y
moderate	2	ast‡ ff_Adlm‡	Date & Time	Generic	Formats - Intervals - Date Formats	GyMMM/G
moderate	2	ast‡ ff_Adlm‡	Date & Time	Generic	Formats - Intervals - Date Formats	GyMMM/M
moderate	1	ast‡	Date & Time	Generic	Formats - Intervals - Date Formats	GyMMM/y
moderate	2	ast‡ ff_Adlm‡	Date & Time	Generic	Formats - Intervals - Date Formats	GyMMMEd/G
moderate	2	ast‡ ff_Adlm‡	Date & Time	Generic	Formats - Intervals - Date Formats	GyMMMEd/M
moderate	2	ast‡ ff_Adlm‡	Date & Time	Generic	Formats - Intervals - Date Formats	GyMMMEd/d
moderate	2	ast‡ ff_Adlm‡	Date & Time	Generic	Formats - Intervals - Date Formats	GyMMMEd/y
moderate	2	ast‡ ff_Adlm‡	Date & Time	Generic	Formats - Intervals - Date Formats	GyMMMd/G
moderate	2	ast‡ ff_Adlm‡	Date & Time	Generic	Formats - Intervals - Date Formats	GyMMMd/M
moderate	2	ast‡ ff_Adlm‡	Date & Time	Generic	Formats - Intervals - Date Formats	GyMMMd/d
moderate	2	ast‡ ff_Adlm‡	Date & Time	Generic	Formats - Intervals - Date Formats	GyMMMd/y
moderate	2	ast‡ ff_Adlm‡	Date & Time	Generic	Formats - Intervals - Date Formats	GyMd/G
moderate	2	ast‡ ff_Adlm‡	Date & Time	Generic	Formats - Intervals - Date Formats	GyMd/M
moderate	2	ast‡ ff_Adlm‡	Date & Time	Generic	Formats - Intervals - Date Formats	GyMd/d
moderate	2	ast‡ ff_Adlm‡	Date & Time	Generic	Formats - Intervals - Date Formats	GyMd/y
moderate	1	ast‡	Date & Time	Gregorian	Formats - Flexible - 12 Hour Time Formats	Bh
moderate	1	ast‡	Date & Time	Gregorian	Formats - Flexible - 12 Hour Time Formats	Bhm
moderate	1	ast‡	Date & Time	Gregorian	Formats - Flexible - 12 Hour Time Formats	Bhms
moderate	8	ast‡ sr_Latn‡ yue_Hans‡ yrl‡ to‡ fo‡ ff_Adlm‡ kgp‡	Date & Time	Gregorian	Formats - Flexible - 12 Hour Time Formats	EBh
moderate	1	ast‡	Date & Time	Gregorian	Formats - Flexible - 12 Hour Time Formats	EBhm
moderate	1	ast‡	Date & Time	Gregorian	Formats - Flexible - 12 Hour Time Formats	EBhms
moderate	8	ast‡ sr_Latn‡ yue_Hans‡ yrl‡ to‡ fo‡ ff_Adlm‡ kgp‡	Date & Time	Gregorian	Formats - Flexible - 24 Hour Time Formats	EH
moderate	8	ast‡ sr_Latn‡ yue_Hans‡ yrl‡ to‡ fo‡ ff_Adlm‡ kgp‡	Date & Time	Gregorian	Formats - Flexible - 12 Hour Time Formats	Eh
moderate	8	ast‡ sr_Latn‡ yue_Hans‡ yrl‡ to‡ fo‡ ff_Adlm‡ kgp‡	Date & Time	Gregorian	Formats - Flexible - Date Formats	GyM
moderate	8	ast‡ sr_Latn‡ yue_Hans‡ yrl‡ to‡ fo‡ ff_Adlm‡ kgp‡	Date & Time	Gregorian	Formats - Flexible - Date Formats	GyMEd
moderate	3	ast‡ yrl‡ kgp‡	Date & Time	Gregorian	Formats - Flexible - Date Formats	GyMd
moderate	8	ast‡ sr_Latn‡ yue_Hans‡ yrl‡ to‡ fo‡ ff_Adlm‡ kgp‡	Date & Time	Gregorian	Formats - Flexible - 24 Hour Time Formats	Hv
moderate	8	ast‡ sr_Latn‡ yue_Hans‡ yrl‡ to‡ fo‡ ff_Adlm‡ kgp‡	Date & Time	Gregorian	Formats - Flexible - 12 Hour Time Formats	hv
moderate	2	yrl‡ kgp‡	Date & Time	Gregorian	Formats - Standard - Date & Time Combination Formats	full-atTime
moderate	8	ast‡ sr_Latn‡ yue_Hans‡ yrl‡ to‡ fo‡ ff_Adlm‡ kgp‡	Date & Time	Gregorian	Formats - Standard - Date & Time Combination Formats	full-relative
moderate	2	yrl‡ kgp‡	Date & Time	Gregorian	Formats - Standard - Date & Time Combination Formats	long-atTime
moderate	8	ast‡ sr_Latn‡ yue_Hans‡ yrl‡ to‡ fo‡ ff_Adlm‡ kgp‡	Date & Time	Gregorian	Formats - Standard - Date & Time Combination Formats	long-relative
moderate	4	ast‡ yrl‡ ff_Adlm‡ kgp‡	Date & Time	Gregorian	Formats - Standard - Date & Time Combination Formats	medium-atTime
moderate	8	ast‡ sr_Latn‡ yue_Hans‡ yrl‡ to‡ fo‡ ff_Adlm‡ kgp‡	Date & Time	Gregorian	Formats - Standard - Date & Time Combination Formats	medium-relative
moderate	4	ast‡ yrl‡ ff_Adlm‡ kgp‡	Date & Time	Gregorian	Formats - Standard - Date & Time Combination Formats	short-atTime
moderate	8	ast‡ sr_Latn‡ yue_Hans‡ yrl‡ to‡ fo‡ ff_Adlm‡ kgp‡	Date & Time	Gregorian	Formats - Standard - Date & Time Combination Formats	short-relative
moderate	1	ast‡	Date & Time	Gregorian	Formats - Intervals - Date Formats	Gy/G
moderate	1	ast‡	Date & Time	Gregorian	Formats - Intervals - Date Formats	Gy/y
moderate	1	ast‡	Date & Time	Gregorian	Formats - Intervals - Date Formats	GyM/G
moderate	1	ast‡	Date & Time	Gregorian	Formats - Intervals - Date Formats	GyM/M
moderate	1	ast‡	Date & Time	Gregorian	Formats - Intervals - Date Formats	GyM/y
moderate	1	ast‡	Date & Time	Gregorian	Formats - Intervals - Date Formats	GyMEd/G
moderate	1	ast‡	Date & Time	Gregorian	Formats - Intervals - Date Formats	GyMEd/M
moderate	1	ast‡	Date & Time	Gregorian	Formats - Intervals - Date Formats	GyMEd/d
moderate	1	ast‡	Date & Time	Gregorian	Formats - Intervals - Date Formats	GyMEd/y
moderate	1	ast‡	Date & Time	Gregorian	Formats - Intervals - Date Formats	GyMMM/G
moderate	1	ast‡	Date & Time	Gregorian	Formats - Intervals - Date Formats	GyMMM/M
moderate	1	ast‡	Date & Time	Gregorian	Formats - Intervals - Date Formats	GyMMM/y
moderate	1	ast‡	Date & Time	Gregorian	Formats - Intervals - Date Formats	GyMMMEd/G
moderate	1	ast‡	Date & Time	Gregorian	Formats - Intervals - Date Formats	GyMMMEd/M
moderate	1	ast‡	Date & Time	Gregorian	Formats - Intervals - Date Formats	GyMMMEd/d
moderate	1	ast‡	Date & Time	Gregorian	Formats - Intervals - Date Formats	GyMMMEd/y
moderate	1	ast‡	Date & Time	Gregorian	Formats - Intervals - Date Formats	GyMMMd/G
moderate	1	ast‡	Date & Time	Gregorian	Formats - Intervals - Date Formats	GyMMMd/M
moderate	1	ast‡	Date & Time	Gregorian	Formats - Intervals - Date Formats	GyMMMd/d
moderate	1	ast‡	Date & Time	Gregorian	Formats - Intervals - Date Formats	GyMMMd/y
moderate	1	ast‡	Date & Time	Gregorian	Formats - Intervals - Date Formats	GyMd/G
moderate	1	ast‡	Date & Time	Gregorian	Formats - Intervals - Date Formats	GyMd/M
moderate	1	ast‡	Date & Time	Gregorian	Formats - Intervals - Date Formats	GyMd/d
moderate	1	ast‡	Date & Time	Gregorian	Formats - Intervals - Date Formats	GyMd/y
modern	1	sr_Latn‡	Date & Time	Islamic	Formats - Flexible - Date Formats	GyM
modern	1	sr_Latn‡	Date & Time	Islamic	Formats - Flexible - Date Formats	GyMEd
moderate	9	ast‡ sr_Latn‡ yue_Hans‡ yrl‡ to‡ sk fo‡ ff_Adlm‡ kgp‡	Date & Time	Gregorian YMD	Formats - Standard - Date Formats	full
moderate	9	ast‡ sr_Latn‡ yue_Hans‡ yrl‡ to‡ sk fo‡ ff_Adlm‡ kgp‡	Date & Time	Gregorian YMD	Formats - Standard - Date Formats	long
moderate	9	ast‡ sr_Latn‡ yue_Hans‡ yrl‡ to‡ sk fo‡ ff_Adlm‡ kgp‡	Date & Time	Gregorian YMD	Formats - Standard - Date Formats	medium
moderate	9	ast‡ sr_Latn‡ yue_Hans‡ yrl‡ to‡ sk fo‡ ff_Adlm‡ kgp‡	Date & Time	Gregorian YMD	Formats - Standard - Date Formats	short
moderate	8	ast‡ sr_Latn‡ yue_Hans‡ yrl‡ to‡ fo‡ ff_Adlm‡ kgp‡	Date & Time	Gregorian YMD	Formats - Flexible - Date Formats	Ed
moderate	9	ast‡ sr_Latn‡ yue_Hans‡ yrl‡ to‡ sk fo‡ ff_Adlm‡ kgp‡	Date & Time	Gregorian YMD	Formats - Flexible - Date Formats	Gy
moderate	9	ast‡ sr_Latn‡ yue_Hans‡ yrl‡ to‡ sk fo‡ ff_Adlm‡ kgp‡	Date & Time	Gregorian YMD	Formats - Flexible - Date Formats	GyM
moderate	9	ast‡ sr_Latn‡ yue_Hans‡ yrl‡ to‡ sk fo‡ ff_Adlm‡ kgp‡	Date & Time	Gregorian YMD	Formats - Flexible - Date Formats	GyMEd
moderate	9	ast‡ sr_Latn‡ yue_Hans‡ yrl‡ to‡ sk fo‡ ff_Adlm‡ kgp‡	Date & Time	Gregorian YMD	Formats - Flexible - Date Formats	GyMMM
moderate	9	ast‡ sr_Latn‡ yue_Hans‡ yrl‡ to‡ sk fo‡ ff_Adlm‡ kgp‡	Date & Time	Gregorian YMD	Formats - Flexible - Date Formats	GyMMMEd
moderate	9	ast‡ sr_Latn‡ yue_Hans‡ yrl‡ to‡ sk fo‡ ff_Adlm‡ kgp‡	Date & Time	Gregorian YMD	Formats - Flexible - Date Formats	GyMMMd
moderate	9	ast‡ sr_Latn‡ yue_Hans‡ yrl‡ to‡ sk fo‡ ff_Adlm‡ kgp‡	Date & Time	Gregorian YMD	Formats - Flexible - Date Formats	GyMd
moderate	9	ast‡ sr_Latn‡ yue_Hans‡ yrl‡ to‡ sk fo‡ ff_Adlm‡ kgp‡	Date & Time	Gregorian YMD	Formats - Flexible - Date Formats	MEd
moderate	9	ast‡ sr_Latn‡ yue_Hans‡ yrl‡ to‡ sk fo‡ ff_Adlm‡ kgp‡	Date & Time	Gregorian YMD	Formats - Flexible - Date Formats	MMMEd
moderate	1	sr_Latn‡	Date & Time	Gregorian YMD	Formats - Flexible - Date Formats	MMMMW-few
moderate	4	ast‡ sr_Latn‡ fo‡ ff_Adlm‡	Date & Time	Gregorian YMD	Formats - Flexible - Date Formats	MMMMW-one
moderate	8	ast‡ sr_Latn‡ yue_Hans‡ yrl‡ to‡ fo‡ ff_Adlm‡ kgp‡	Date & Time	Gregorian YMD	Formats - Flexible - Date Formats	MMMMW-other
moderate	9	ast‡ sr_Latn‡ yue_Hans‡ yrl‡ to‡ sk fo‡ ff_Adlm‡ kgp‡	Date & Time	Gregorian YMD	Formats - Flexible - Date Formats	MMMMd
moderate	9	ast‡ sr_Latn‡ yue_Hans‡ yrl‡ to‡ sk fo‡ ff_Adlm‡ kgp‡	Date & Time	Gregorian YMD	Formats - Flexible - Date Formats	MMMd
moderate	9	ast‡ sr_Latn‡ yue_Hans‡ yrl‡ to‡ sk fo‡ ff_Adlm‡ kgp‡	Date & Time	Gregorian YMD	Formats - Flexible - Date Formats	Md
moderate	8	ast‡ sr_Latn‡ yue_Hans‡ yrl‡ to‡ fo‡ ff_Adlm‡ kgp‡	Date & Time	Gregorian YMD	Formats - Flexible - Date Formats	yM
moderate	8	ast‡ sr_Latn‡ yue_Hans‡ yrl‡ to‡ fo‡ ff_Adlm‡ kgp‡	Date & Time	Gregorian YMD	Formats - Flexible - Date Formats	yMEd
moderate	9	ast‡ sr_Latn‡ yue_Hans‡ yrl‡ to‡ sk fo‡ ff_Adlm‡ kgp‡	Date & Time	Gregorian YMD	Formats - Flexible - Date Formats	yMMM
moderate	9	ast‡ sr_Latn‡ yue_Hans‡ yrl‡ to‡ sk fo‡ ff_Adlm‡ kgp‡	Date & Time	Gregorian YMD	Formats - Flexible - Date Formats	yMMMEd
moderate	9	ast‡ sr_Latn‡ yue_Hans‡ yrl‡ to‡ sk fo‡ ff_Adlm‡ kgp‡	Date & Time	Gregorian YMD	Formats - Flexible - Date Formats	yMMMM
moderate	9	ast‡ sr_Latn‡ yue_Hans‡ yrl‡ to‡ sk fo‡ ff_Adlm‡ kgp‡	Date & Time	Gregorian YMD	Formats - Flexible - Date Formats	yMMMd
moderate	8	ast‡ sr_Latn‡ yue_Hans‡ yrl‡ to‡ fo‡ ff_Adlm‡ kgp‡	Date & Time	Gregorian YMD	Formats - Flexible - Date Formats	yMd
moderate	8	ast‡ sr_Latn‡ yue_Hans‡ yrl‡ to‡ fo‡ ff_Adlm‡ kgp‡	Date & Time	Gregorian YMD	Formats - Flexible - Date Formats	yQQQ
moderate	8	ast‡ sr_Latn‡ yue_Hans‡ yrl‡ to‡ fo‡ ff_Adlm‡ kgp‡	Date & Time	Gregorian YMD	Formats - Flexible - Date Formats	yQQQQ
moderate	1	sr_Latn‡	Date & Time	Gregorian YMD	Formats - Flexible - Date Formats	yw-few
moderate	4	ast‡ sr_Latn‡ fo‡ ff_Adlm‡	Date & Time	Gregorian YMD	Formats - Flexible - Date Formats	yw-one
moderate	8	ast‡ sr_Latn‡ yue_Hans‡ yrl‡ to‡ fo‡ ff_Adlm‡ kgp‡	Date & Time	Gregorian YMD	Formats - Flexible - Date Formats	yw-other
moderate	9	ast‡ sr_Latn‡ yue_Hans‡ yrl‡ to‡ sk fo‡ ff_Adlm‡ kgp‡	Date & Time	Gregorian YMD	Formats - Intervals - Date Formats	Gy/G
moderate	8	ast‡ sr_Latn‡ yue_Hans‡ yrl‡ to‡ fo‡ ff_Adlm‡ kgp‡	Date & Time	Gregorian YMD	Formats - Intervals - Date Formats	Gy/y
moderate	8	ast‡ sr_Latn‡ yue_Hans‡ yrl‡ to‡ fo‡ ff_Adlm‡ kgp‡	Date & Time	Gregorian YMD	Formats - Intervals - Date Formats	GyM/G
moderate	8	ast‡ sr_Latn‡ yue_Hans‡ yrl‡ to‡ fo‡ ff_Adlm‡ kgp‡	Date & Time	Gregorian YMD	Formats - Intervals - Date Formats	GyM/M
moderate	8	ast‡ sr_Latn‡ yue_Hans‡ yrl‡ to‡ fo‡ ff_Adlm‡ kgp‡	Date & Time	Gregorian YMD	Formats - Intervals - Date Formats	GyM/y
moderate	8	ast‡ sr_Latn‡ yue_Hans‡ yrl‡ to‡ fo‡ ff_Adlm‡ kgp‡	Date & Time	Gregorian YMD	Formats - Intervals - Date Formats	GyMEd/G
moderate	8	ast‡ sr_Latn‡ yue_Hans‡ yrl‡ to‡ fo‡ ff_Adlm‡ kgp‡	Date & Time	Gregorian YMD	Formats - Intervals - Date Formats	GyMEd/M
moderate	8	ast‡ sr_Latn‡ yue_Hans‡ yrl‡ to‡ fo‡ ff_Adlm‡ kgp‡	Date & Time	Gregorian YMD	Formats - Intervals - Date Formats	GyMEd/d
moderate	8	ast‡ sr_Latn‡ yue_Hans‡ yrl‡ to‡ fo‡ ff_Adlm‡ kgp‡	Date & Time	Gregorian YMD	Formats - Intervals - Date Formats	GyMEd/y
moderate	8	ast‡ sr_Latn‡ yue_Hans‡ yrl‡ to‡ fo‡ ff_Adlm‡ kgp‡	Date & Time	Gregorian YMD	Formats - Intervals - Date Formats	GyMMM/G
moderate	8	ast‡ sr_Latn‡ yue_Hans‡ yrl‡ to‡ fo‡ ff_Adlm‡ kgp‡	Date & Time	Gregorian YMD	Formats - Intervals - Date Formats	GyMMM/M
moderate	8	ast‡ sr_Latn‡ yue_Hans‡ yrl‡ to‡ fo‡ ff_Adlm‡ kgp‡	Date & Time	Gregorian YMD	Formats - Intervals - Date Formats	GyMMM/y
moderate	8	ast‡ sr_Latn‡ yue_Hans‡ yrl‡ to‡ fo‡ ff_Adlm‡ kgp‡	Date & Time	Gregorian YMD	Formats - Intervals - Date Formats	GyMMMEd/G
moderate	8	ast‡ sr_Latn‡ yue_Hans‡ yrl‡ to‡ fo‡ ff_Adlm‡ kgp‡	Date & Time	Gregorian YMD	Formats - Intervals - Date Formats	GyMMMEd/M
moderate	8	ast‡ sr_Latn‡ yue_Hans‡ yrl‡ to‡ fo‡ ff_Adlm‡ kgp‡	Date & Time	Gregorian YMD	Formats - Intervals - Date Formats	GyMMMEd/d
moderate	8	ast‡ sr_Latn‡ yue_Hans‡ yrl‡ to‡ fo‡ ff_Adlm‡ kgp‡	Date & Time	Gregorian YMD	Formats - Intervals - Date Formats	GyMMMEd/y
moderate	8	ast‡ sr_Latn‡ yue_Hans‡ yrl‡ to‡ fo‡ ff_Adlm‡ kgp‡	Date & Time	Gregorian YMD	Formats - Intervals - Date Formats	GyMMMd/G
moderate	8	ast‡ sr_Latn‡ yue_Hans‡ yrl‡ to‡ fo‡ ff_Adlm‡ kgp‡	Date & Time	Gregorian YMD	Formats - Intervals - Date Formats	GyMMMd/M
moderate	8	ast‡ sr_Latn‡ yue_Hans‡ yrl‡ to‡ fo‡ ff_Adlm‡ kgp‡	Date & Time	Gregorian YMD	Formats - Intervals - Date Formats	GyMMMd/d
moderate	8	ast‡ sr_Latn‡ yue_Hans‡ yrl‡ to‡ fo‡ ff_Adlm‡ kgp‡	Date & Time	Gregorian YMD	Formats - Intervals - Date Formats	GyMMMd/y
moderate	8	ast‡ sr_Latn‡ yue_Hans‡ yrl‡ to‡ fo‡ ff_Adlm‡ kgp‡	Date & Time	Gregorian YMD	Formats - Intervals - Date Formats	GyMd/G
moderate	8	ast‡ sr_Latn‡ yue_Hans‡ yrl‡ to‡ fo‡ ff_Adlm‡ kgp‡	Date & Time	Gregorian YMD	Formats - Intervals - Date Formats	GyMd/M
moderate	8	ast‡ sr_Latn‡ yue_Hans‡ yrl‡ to‡ fo‡ ff_Adlm‡ kgp‡	Date & Time	Gregorian YMD	Formats - Intervals - Date Formats	GyMd/d
moderate	8	ast‡ sr_Latn‡ yue_Hans‡ yrl‡ to‡ fo‡ ff_Adlm‡ kgp‡	Date & Time	Gregorian YMD	Formats - Intervals - Date Formats	GyMd/y
moderate	8	ast‡ sr_Latn‡ yue_Hans‡ yrl‡ to‡ fo‡ ff_Adlm‡ kgp‡	Date & Time	Gregorian YMD	Formats - Intervals - Date Formats	MEd/M
moderate	8	ast‡ sr_Latn‡ yue_Hans‡ yrl‡ to‡ fo‡ ff_Adlm‡ kgp‡	Date & Time	Gregorian YMD	Formats - Intervals - Date Formats	MEd/d
moderate	8	ast‡ sr_Latn‡ yue_Hans‡ yrl‡ to‡ fo‡ ff_Adlm‡ kgp‡	Date & Time	Gregorian YMD	Formats - Intervals - Date Formats	MMMEd/M
moderate	8	ast‡ sr_Latn‡ yue_Hans‡ yrl‡ to‡ fo‡ ff_Adlm‡ kgp‡	Date & Time	Gregorian YMD	Formats - Intervals - Date Formats	MMMEd/d
moderate	8	ast‡ sr_Latn‡ yue_Hans‡ yrl‡ to‡ fo‡ ff_Adlm‡ kgp‡	Date & Time	Gregorian YMD	Formats - Intervals - Date Formats	MMMd/M
moderate	8	ast‡ sr_Latn‡ yue_Hans‡ yrl‡ to‡ fo‡ ff_Adlm‡ kgp‡	Date & Time	Gregorian YMD	Formats - Intervals - Date Formats	MMMd/d
moderate	8	ast‡ sr_Latn‡ yue_Hans‡ yrl‡ to‡ fo‡ ff_Adlm‡ kgp‡	Date & Time	Gregorian YMD	Formats - Intervals - Date Formats	Md/M
moderate	8	ast‡ sr_Latn‡ yue_Hans‡ yrl‡ to‡ fo‡ ff_Adlm‡ kgp‡	Date & Time	Gregorian YMD	Formats - Intervals - Date Formats	Md/d
moderate	8	ast‡ sr_Latn‡ yue_Hans‡ yrl‡ to‡ fo‡ ff_Adlm‡ kgp‡	Date & Time	Gregorian YMD	Formats - Intervals - Date Formats	yM/M
moderate	8	ast‡ sr_Latn‡ yue_Hans‡ yrl‡ to‡ fo‡ ff_Adlm‡ kgp‡	Date & Time	Gregorian YMD	Formats - Intervals - Date Formats	yM/y
moderate	8	ast‡ sr_Latn‡ yue_Hans‡ yrl‡ to‡ fo‡ ff_Adlm‡ kgp‡	Date & Time	Gregorian YMD	Formats - Intervals - Date Formats	yMEd/M
moderate	8	ast‡ sr_Latn‡ yue_Hans‡ yrl‡ to‡ fo‡ ff_Adlm‡ kgp‡	Date & Time	Gregorian YMD	Formats - Intervals - Date Formats	yMEd/d
moderate	8	ast‡ sr_Latn‡ yue_Hans‡ yrl‡ to‡ fo‡ ff_Adlm‡ kgp‡	Date & Time	Gregorian YMD	Formats - Intervals - Date Formats	yMEd/y
moderate	8	ast‡ sr_Latn‡ yue_Hans‡ yrl‡ to‡ fo‡ ff_Adlm‡ kgp‡	Date & Time	Gregorian YMD	Formats - Intervals - Date Formats	yMMM/M
moderate	8	ast‡ sr_Latn‡ yue_Hans‡ yrl‡ to‡ fo‡ ff_Adlm‡ kgp‡	Date & Time	Gregorian YMD	Formats - Intervals - Date Formats	yMMM/y
moderate	8	ast‡ sr_Latn‡ yue_Hans‡ yrl‡ to‡ fo‡ ff_Adlm‡ kgp‡	Date & Time	Gregorian YMD	Formats - Intervals - Date Formats	yMMMEd/M
moderate	8	ast‡ sr_Latn‡ yue_Hans‡ yrl‡ to‡ fo‡ ff_Adlm‡ kgp‡	Date & Time	Gregorian YMD	Formats - Intervals - Date Formats	yMMMEd/d
moderate	8	ast‡ sr_Latn‡ yue_Hans‡ yrl‡ to‡ fo‡ ff_Adlm‡ kgp‡	Date & Time	Gregorian YMD	Formats - Intervals - Date Formats	yMMMEd/y
moderate	8	ast‡ sr_Latn‡ yue_Hans‡ yrl‡ to‡ fo‡ ff_Adlm‡ kgp‡	Date & Time	Gregorian YMD	Formats - Intervals - Date Formats	yMMMM/M
moderate	8	ast‡ sr_Latn‡ yue_Hans‡ yrl‡ to‡ fo‡ ff_Adlm‡ kgp‡	Date & Time	Gregorian YMD	Formats - Intervals - Date Formats	yMMMM/y
moderate	8	ast‡ sr_Latn‡ yue_Hans‡ yrl‡ to‡ fo‡ ff_Adlm‡ kgp‡	Date & Time	Gregorian YMD	Formats - Intervals - Date Formats	yMMMd/M
moderate	8	ast‡ sr_Latn‡ yue_Hans‡ yrl‡ to‡ fo‡ ff_Adlm‡ kgp‡	Date & Time	Gregorian YMD	Formats - Intervals - Date Formats	yMMMd/d
moderate	8	ast‡ sr_Latn‡ yue_Hans‡ yrl‡ to‡ fo‡ ff_Adlm‡ kgp‡	Date & Time	Gregorian YMD	Formats - Intervals - Date Formats	yMMMd/y
moderate	8	ast‡ sr_Latn‡ yue_Hans‡ yrl‡ to‡ fo‡ ff_Adlm‡ kgp‡	Date & Time	Gregorian YMD	Formats - Intervals - Date Formats	yMd/M
moderate	8	ast‡ sr_Latn‡ yue_Hans‡ yrl‡ to‡ fo‡ ff_Adlm‡ kgp‡	Date & Time	Gregorian YMD	Formats - Intervals - Date Formats	yMd/d
moderate	8	ast‡ sr_Latn‡ yue_Hans‡ yrl‡ to‡ fo‡ ff_Adlm‡ kgp‡	Date & Time	Gregorian YMD	Formats - Intervals - Date Formats	yMd/y
moderate	8	ast‡ sr_Latn‡ yue_Hans‡ yrl‡ to‡ fo‡ ff_Adlm‡ kgp‡	Timezones	Timezone Display Patterns	null	GMT Unknown Format
moderate	4	ast‡ yrl‡ ff_Adlm‡ kgp‡	Timezones	Central Asia	Kazakhstan	standard-long
moderate	4	ast‡ yrl‡ ff_Adlm‡ kgp‡	Timezones	North America	Yukon	standard-long
moderate	1	ff_Adlm‡	Timezones	North America	Cities and Regions	Ciudad_Juarez
moderate	2	yue_Hans‡ ff_Adlm‡	Timezones	South America	Cities and Regions	Coyhaique
moderate	1	ast‡	Miscellaneous	Displaying Lists	Narrow “Or” List	2
moderate	1	ast‡	Miscellaneous	Displaying Lists	Narrow “Or” List	end
moderate	1	ast‡	Miscellaneous	Displaying Lists	Narrow “Or” List	middle
moderate	1	ast‡	Miscellaneous	Displaying Lists	Narrow “Or” List	start
moderate	1	ast‡	Miscellaneous	Displaying Lists	Short “Or” List	2
moderate	1	ast‡	Miscellaneous	Displaying Lists	Short “Or” List	end
moderate	1	ast‡	Miscellaneous	Displaying Lists	Short “Or” List	middle
moderate	1	ast‡	Miscellaneous	Displaying Lists	Short “Or” List	start
moderate	1	ast‡	Miscellaneous	Displaying Lists	Narrow “and” List	2
moderate	1	ast‡	Miscellaneous	Displaying Lists	Narrow “and” List	end
moderate	1	ast‡	Miscellaneous	Displaying Lists	Narrow “and” List	middle
moderate	1	ast‡	Miscellaneous	Displaying Lists	Narrow “and” List	start
modern	2	sr_Latn‡ yue_Hans‡	Locale Display Names	Keys	Emoji Presentation	em
modern	2	sr_Latn‡ yue_Hans‡	Locale Display Names	Keys	lw	lw
modern	2	sr_Latn‡ yue_Hans‡	Locale Display Names	Keys	Sentence Break Suppressions	ss
moderate	1	ff_Adlm‡	Locale Display Names	Languages (A-D)	A	Akoose ► bss
modern	2	sr_Latn‡ yue_Hans‡	Locale Display Names	Languages (K-N)	K	Kurdish ► ku-core
modern	2	sr_Latn‡ yue_Hans‡	Locale Display Names	Languages (K-N)	K	Kurdish ► ku-extension
moderate	1	ast‡	Locale Display Names	Languages (A-D)	C	Chinese ► zh-menu
moderate	1	ast‡	Locale Display Names	Geographic Regions	Africa	202
moderate	7	ast‡ sr_Latn‡ yue_Hans‡ yrl‡ to‡ ff_Adlm‡ kgp‡	Locale Display Names	Territories (Europe)	Northern Europe	CQ
moderate	4	ast‡ yrl‡ ff_Adlm‡ kgp‡	Locale Display Names	Territories (Africa)	Eastern Africa	IO
moderate	4	ast‡ yrl‡ ff_Adlm‡ kgp‡	Locale Display Names	Territories (Africa)	Eastern Africa	IO-biot
moderate	4	ast‡ yrl‡ ff_Adlm‡ kgp‡	Locale Display Names	Territories (Africa)	Eastern Africa	IO-chagos
moderate	1	ast‡	Locale Display Names	Territories (Europe)	Southern Europe	MK
moderate	1	ast‡	Locale Display Names	Geographic Regions	Unknown Region	XA
moderate	1	ast‡	Locale Display Names	Geographic Regions	Unknown Region	XB
modern	2	sr_Latn‡ yue_Hans‡	Locale Display Names	Keys	calendar	calendar-buddhist-core
moderate	1	yue_Hans‡	Locale Display Names	Keys	calendar	calendar-chinese-core
modern	1	sr_Latn‡	Locale Display Names	Keys	calendar	calendar-chinese-core
modern	2	sr_Latn‡ yue_Hans‡	Locale Display Names	Keys	calendar	calendar-coptic-core
modern	2	sr_Latn‡ yue_Hans‡	Locale Display Names	Keys	calendar	calendar-dangi-core
modern	2	sr_Latn‡ yue_Hans‡	Locale Display Names	Keys	calendar	calendar-ethiopic-core
modern	2	sr_Latn‡ yue_Hans‡	Locale Display Names	Keys	calendar	calendar-ethiopic-amete-alem-core
moderate	8	ast‡ sr_Latn‡ yue_Hans‡ yrl‡ to‡ fo‡ ff_Adlm‡ kgp‡	Locale Display Names	Keys	calendar	calendar-gregorian-core
modern	2	sr_Latn‡ yue_Hans‡	Locale Display Names	Keys	calendar	calendar-hebrew-core
moderate	1	ff_Adlm‡	Locale Display Names	Keys	calendar	calendar-islamic
moderate	1	ff_Adlm‡	Locale Display Names	Keys	calendar	calendar-islamic-core
modern	2	sr_Latn‡ yue_Hans‡	Locale Display Names	Keys	calendar	calendar-islamic-core
moderate	1	ff_Adlm‡	Locale Display Names	Keys	calendar	calendar-islamic-civil
moderate	2	sr_Latn‡ ff_Adlm‡	Locale Display Names	Keys	calendar	calendar-islamic-civil-core
modern	2	nn yue_Hans‡	Locale Display Names	Keys	calendar	calendar-islamic-civil-core
moderate	1	ff_Adlm‡	Locale Display Names	Keys	calendar	calendar-islamic-tbla
moderate	2	sr_Latn‡ ff_Adlm‡	Locale Display Names	Keys	calendar	calendar-islamic-tbla-core
modern	2	sr_Latn‡ yue_Hans‡	Locale Display Names	Keys	calendar	calendar-islamic-umalqura-core
modern	2	sr_Latn‡ yue_Hans‡	Locale Display Names	Keys	calendar	calendar-japanese-core
modern	2	sr_Latn‡ yue_Hans‡	Locale Display Names	Keys	calendar	calendar-persian-core
modern	2	sr_Latn‡ yue_Hans‡	Locale Display Names	Keys	calendar	calendar-roc-core
modern	2	sr_Latn‡ yue_Hans‡	Locale Display Names	Keys	Currency Format	cf-account-core
modern	2	sr_Latn‡ yue_Hans‡	Locale Display Names	Keys	Currency Format	cf-standard-core
modern	1	sr_Latn‡	Locale Display Names	Keys	collation	collation-compat-core
modern	1	sr_Latn‡	Locale Display Names	Keys	collation	collation-dictionary-core
modern	2	sr_Latn‡ yue_Hans‡	Locale Display Names	Keys	collation	collation-ducet-core
modern	1	sr_Latn‡	Locale Display Names	Keys	collation	collation-phonebook-core
modern	1	sr_Latn‡	Locale Display Names	Keys	collation	collation-phonetic-core
modern	1	sr_Latn‡	Locale Display Names	Keys	collation	collation-pinyin-core
modern	2	sr_Latn‡ yue_Hans‡	Locale Display Names	Keys	collation	collation-search-core
moderate	8	ast‡ sr_Latn‡ yue_Hans‡ yrl‡ to‡ fo‡ ff_Adlm‡ kgp‡	Locale Display Names	Keys	collation	collation-standard-core
modern	1	sr_Latn‡	Locale Display Names	Keys	collation	collation-stroke-core
modern	1	sr_Latn‡	Locale Display Names	Keys	collation	collation-traditional-core
modern	1	sr_Latn‡	Locale Display Names	Keys	collation	collation-unihan-core
modern	1	sr_Latn‡	Locale Display Names	Keys	collation	collation-zhuyin-core
modern	2	sr_Latn‡ yue_Hans‡	Locale Display Names	Keys	Emoji Presentation	em-default-core
modern	2	sr_Latn‡ yue_Hans‡	Locale Display Names	Keys	Emoji Presentation	em-emoji-core
modern	2	sr_Latn‡ yue_Hans‡	Locale Display Names	Keys	Emoji Presentation	em-text-core
modern	2	sr_Latn‡ yue_Hans‡	Locale Display Names	Keys	Hour Cycle	hc-h11-core
modern	2	sr_Latn‡ yue_Hans‡	Locale Display Names	Keys	Hour Cycle	hc-h12-core
modern	2	sr_Latn‡ yue_Hans‡	Locale Display Names	Keys	Hour Cycle	hc-h23-core
modern	2	sr_Latn‡ yue_Hans‡	Locale Display Names	Keys	Hour Cycle	hc-h24-core
modern	2	sr_Latn‡ yue_Hans‡	Locale Display Names	Keys	Line Break	lb-loose-core
modern	2	sr_Latn‡ yue_Hans‡	Locale Display Names	Keys	Line Break	lb-normal-core
modern	2	sr_Latn‡ yue_Hans‡	Locale Display Names	Keys	Line Break	lb-strict-core
modern	2	sr_Latn‡ yue_Hans‡	Locale Display Names	Keys	lw	lw-breakall-core
modern	2	sr_Latn‡ yue_Hans‡	Locale Display Names	Keys	lw	lw-keepall-core
modern	2	sr_Latn‡ yue_Hans‡	Locale Display Names	Keys	lw	lw-normal-core
modern	2	sr_Latn‡ yue_Hans‡	Locale Display Names	Keys	lw	lw-phrase-core
modern	2	sr_Latn‡ yue_Hans‡	Locale Display Names	Keys	Measurement System	ms-metric-core
modern	2	sr_Latn‡ yue_Hans‡	Locale Display Names	Keys	Measurement System	ms-uksystem-core
modern	2	sr_Latn‡ yue_Hans‡	Locale Display Names	Keys	Measurement System	ms-ussystem-core
modern	2	sr_Latn‡ yue_Hans‡	Locale Display Names	Keys	Sentence Break Suppressions	ss-none-core
modern	2	sr_Latn‡ yue_Hans‡	Locale Display Names	Keys	Sentence Break Suppressions	ss-standard-core
moderate	1	to‡	Currencies	Western Asia (C)	Western Asia: United Arab Emirates	AED-name
moderate	1	to‡	Currencies	Western Asia (C)	Western Asia: United Arab Emirates	AED-name-other
moderate	1	to‡	Currencies	Southern Asia (C)	Southern Asia: Afghanistan	AFN-name
moderate	1	to‡	Currencies	Southern Asia (C)	Southern Asia: Afghanistan	AFN-name-other
moderate	1	to‡	Currencies	Southern/Eastern Europe	Southern Europe: Albania	ALL-name
moderate	1	to‡	Currencies	Southern/Eastern Europe	Southern Europe: Albania	ALL-name-other
moderate	1	to‡	Currencies	Western Asia (C)	Western Asia: Armenia	AMD-name
moderate	1	to‡	Currencies	Western Asia (C)	Western Asia: Armenia	AMD-name-other
moderate	1	to‡	Currencies	North America (C)	Caribbean: Netherlands Antilles: ANG (old)	ANG-name
moderate	1	to‡	Currencies	North America (C)	Caribbean: Netherlands Antilles: ANG (old)	ANG-name-other
moderate	1	to‡	Currencies	Middle Africa	Middle Africa: Angola	AOA-name
moderate	1	to‡	Currencies	Middle Africa	Middle Africa: Angola	AOA-name-other
moderate	1	to‡	Currencies	South America (C)	South America: Argentina	ARS-name
moderate	1	to‡	Currencies	South America (C)	South America: Argentina	ARS-name-other
moderate	1	to‡	Currencies	North America (C)	Caribbean: Aruba	AWG-name
moderate	1	to‡	Currencies	North America (C)	Caribbean: Aruba	AWG-name-other
moderate	1	to‡	Currencies	Western Asia (C)	Western Asia: Azerbaijan	AZN-name
moderate	1	to‡	Currencies	Western Asia (C)	Western Asia: Azerbaijan	AZN-name-other
moderate	1	to‡	Currencies	Southern/Eastern Europe	Southern Europe: Bosnia & Herzegovina	BAM-name
moderate	1	to‡	Currencies	Southern/Eastern Europe	Southern Europe: Bosnia & Herzegovina	BAM-name-other
moderate	1	to‡	Currencies	North America (C)	Caribbean: Barbados	BBD-name
moderate	1	to‡	Currencies	North America (C)	Caribbean: Barbados	BBD-name-other
moderate	1	to‡	Currencies	Southern Asia (C)	Southern Asia: Bangladesh	BDT-name
moderate	1	to‡	Currencies	Southern Asia (C)	Southern Asia: Bangladesh	BDT-name-other
moderate	1	to‡	Currencies	Southern/Eastern Europe	Eastern Europe: Bulgaria	BGN-name
moderate	1	to‡	Currencies	Southern/Eastern Europe	Eastern Europe: Bulgaria	BGN-name-other
moderate	1	to‡	Currencies	Western Asia (C)	Western Asia: Bahrain	BHD-name
moderate	1	to‡	Currencies	Western Asia (C)	Western Asia: Bahrain	BHD-name-other
moderate	1	to‡	Currencies	Eastern Africa	Eastern Africa: Burundi	BIF-name
moderate	1	to‡	Currencies	Eastern Africa	Eastern Africa: Burundi	BIF-name-other
moderate	1	to‡	Currencies	North America (C)	Northern America: Bermuda	BMD-name
moderate	1	to‡	Currencies	North America (C)	Northern America: Bermuda	BMD-name-other
moderate	1	to‡	Currencies	Southeast Asia (C)	Southeast Asia: Brunei	BND-name
moderate	1	to‡	Currencies	Southeast Asia (C)	Southeast Asia: Brunei	BND-name-other
moderate	1	to‡	Currencies	South America (C)	South America: Bolivia	BOB-name
moderate	1	to‡	Currencies	South America (C)	South America: Bolivia	BOB-name-other
moderate	1	to‡	Currencies	South America (C)	South America: Brazil	BRL-name
moderate	1	to‡	Currencies	South America (C)	South America: Brazil	BRL-name-other
moderate	1	to‡	Currencies	North America (C)	Caribbean: Bahamas	BSD-name
moderate	1	to‡	Currencies	North America (C)	Caribbean: Bahamas	BSD-name-other
moderate	1	to‡	Currencies	Southern Asia (C)	Southern Asia: Bhutan	BTN-name
moderate	1	to‡	Currencies	Southern Asia (C)	Southern Asia: Bhutan	BTN-name-other
moderate	1	to‡	Currencies	Southern Africa	Southern Africa: Botswana	BWP-name
moderate	1	to‡	Currencies	Southern Africa	Southern Africa: Botswana	BWP-name-other
moderate	1	to‡	Currencies	Southern/Eastern Europe	Eastern Europe: Belarus	BYN-name
moderate	1	to‡	Currencies	Southern/Eastern Europe	Eastern Europe: Belarus	BYN-name-other
moderate	1	to‡	Currencies	North America (C)	Central America: Belize	BZD-name
moderate	1	to‡	Currencies	North America (C)	Central America: Belize	BZD-name-other
moderate	1	to‡	Currencies	North America (C)	Northern America: Canada	CAD-name
moderate	1	to‡	Currencies	North America (C)	Northern America: Canada	CAD-name-other
moderate	1	to‡	Currencies	Middle Africa	Middle Africa: Congo - Kinshasa	CDF-name
moderate	1	to‡	Currencies	Middle Africa	Middle Africa: Congo - Kinshasa	CDF-name-other
moderate	1	to‡	Currencies	Northern/Western Europe	Western Europe: Switzerland	CHF-name
moderate	1	to‡	Currencies	Northern/Western Europe	Western Europe: Switzerland	CHF-name-other
moderate	1	to‡	Currencies	South America (C)	South America: Chile	CLP-name
moderate	1	to‡	Currencies	South America (C)	South America: Chile	CLP-name-other
moderate	2	ast‡ to‡	Currencies	Eastern Asia (C)	Eastern Asia: China: CNH (offshore)	CNH-name
moderate	1	ast‡	Currencies	Eastern Asia (C)	Eastern Asia: China: CNH (offshore)	CNH-name-one
moderate	2	ast‡ to‡	Currencies	Eastern Asia (C)	Eastern Asia: China: CNH (offshore)	CNH-name-other
moderate	1	to‡	Currencies	Eastern Asia (C)	Eastern Asia: China	CNY-name
moderate	1	to‡	Currencies	Eastern Asia (C)	Eastern Asia: China	CNY-name-other
moderate	1	to‡	Currencies	South America (C)	South America: Colombia	COP-name
moderate	1	to‡	Currencies	South America (C)	South America: Colombia	COP-name-other
moderate	1	to‡	Currencies	North America (C)	Central America: Costa Rica	CRC-name
moderate	1	to‡	Currencies	North America (C)	Central America: Costa Rica	CRC-name-other
moderate	1	to‡	Currencies	North America (C)	Caribbean: Cuba: CUC (old)	CUC-name
moderate	1	to‡	Currencies	North America (C)	Caribbean: Cuba: CUC (old)	CUC-name-other
moderate	1	to‡	Currencies	North America (C)	Caribbean: Cuba	CUP-name
moderate	1	to‡	Currencies	North America (C)	Caribbean: Cuba	CUP-name-other
moderate	1	to‡	Currencies	Western Africa	Western Africa: Cape Verde	CVE-name
moderate	1	to‡	Currencies	Western Africa	Western Africa: Cape Verde	CVE-name-other
moderate	1	to‡	Currencies	Southern/Eastern Europe	Eastern Europe: Czechia	CZK-name
moderate	1	to‡	Currencies	Southern/Eastern Europe	Eastern Europe: Czechia	CZK-name-other
moderate	1	to‡	Currencies	Eastern Africa	Eastern Africa: Djibouti	DJF-name
moderate	1	to‡	Currencies	Eastern Africa	Eastern Africa: Djibouti	DJF-name-other
moderate	1	to‡	Currencies	Northern/Western Europe	Northern Europe: Denmark	DKK-name
moderate	1	to‡	Currencies	Northern/Western Europe	Northern Europe: Denmark	DKK-name-other
moderate	1	to‡	Currencies	North America (C)	Caribbean: Dominican Republic	DOP-name
moderate	1	to‡	Currencies	North America (C)	Caribbean: Dominican Republic	DOP-name-other
moderate	1	to‡	Currencies	Northern Africa	Northern Africa: Algeria	DZD-name
moderate	1	to‡	Currencies	Northern Africa	Northern Africa: Algeria	DZD-name-other
moderate	1	to‡	Currencies	Northern Africa	Northern Africa: Egypt	EGP-name
moderate	1	to‡	Currencies	Northern Africa	Northern Africa: Egypt	EGP-name-other
moderate	1	to‡	Currencies	Eastern Africa	Eastern Africa: Eritrea	ERN-name
moderate	1	to‡	Currencies	Eastern Africa	Eastern Africa: Eritrea	ERN-name-other
moderate	1	to‡	Currencies	Eastern Africa	Eastern Africa: Ethiopia	ETB-name
moderate	1	to‡	Currencies	Eastern Africa	Eastern Africa: Ethiopia	ETB-name-other
moderate	1	to‡	Currencies	South America (C)	South America: Falkland Islands	FKP-name
moderate	1	to‡	Currencies	South America (C)	South America: Falkland Islands	FKP-name-other
moderate	1	to‡	Currencies	Northern/Western Europe	Northern Europe: United Kingdom	GBP-name
moderate	1	to‡	Currencies	Northern/Western Europe	Northern Europe: United Kingdom	GBP-name-other
moderate	1	to‡	Currencies	Western Asia (C)	Western Asia: Georgia	GEL-name
moderate	1	to‡	Currencies	Western Asia (C)	Western Asia: Georgia	GEL-name-other
moderate	1	to‡	Currencies	Western Africa	Western Africa: Ghana	GHS-name
moderate	1	to‡	Currencies	Western Africa	Western Africa: Ghana	GHS-name-other
moderate	1	to‡	Currencies	Southern/Eastern Europe	Southern Europe: Gibraltar	GIP-name
moderate	1	to‡	Currencies	Southern/Eastern Europe	Southern Europe: Gibraltar	GIP-name-other
moderate	1	to‡	Currencies	Western Africa	Western Africa: Gambia	GMD-name
moderate	1	to‡	Currencies	Western Africa	Western Africa: Gambia	GMD-name-other
moderate	1	to‡	Currencies	Western Africa	Western Africa: Guinea	GNF-name
moderate	1	to‡	Currencies	Western Africa	Western Africa: Guinea	GNF-name-other
moderate	1	to‡	Currencies	North America (C)	Central America: Guatemala	GTQ-name
moderate	1	to‡	Currencies	North America (C)	Central America: Guatemala	GTQ-name-other
moderate	1	to‡	Currencies	South America (C)	South America: Guyana	GYD-name
moderate	1	to‡	Currencies	South America (C)	South America: Guyana	GYD-name-other
moderate	1	to‡	Currencies	Eastern Asia (C)	Eastern Asia: Hong Kong SAR China	HKD-name
moderate	1	to‡	Currencies	Eastern Asia (C)	Eastern Asia: Hong Kong SAR China	HKD-name-other
moderate	1	to‡	Currencies	North America (C)	Central America: Honduras	HNL-name
moderate	1	to‡	Currencies	North America (C)	Central America: Honduras	HNL-name-other
moderate	1	to‡	Currencies	Southern/Eastern Europe	Southern Europe: Croatia: HRK (old)	HRK-name
moderate	1	to‡	Currencies	Southern/Eastern Europe	Southern Europe: Croatia: HRK (old)	HRK-name-other
moderate	1	to‡	Currencies	North America (C)	Caribbean: Haiti	HTG-name
moderate	1	to‡	Currencies	North America (C)	Caribbean: Haiti	HTG-name-other
moderate	1	to‡	Currencies	Southern/Eastern Europe	Eastern Europe: Hungary	HUF-name
moderate	1	to‡	Currencies	Southern/Eastern Europe	Eastern Europe: Hungary	HUF-name-other
moderate	1	to‡	Currencies	Southeast Asia (C)	Southeast Asia: Indonesia	IDR-name
moderate	1	to‡	Currencies	Southeast Asia (C)	Southeast Asia: Indonesia	IDR-name-other
moderate	1	to‡	Currencies	Western Asia (C)	Western Asia: Israel	ILS-name
moderate	1	to‡	Currencies	Western Asia (C)	Western Asia: Israel	ILS-name-other
moderate	1	to‡	Currencies	Southern Asia (C)	Southern Asia: India	INR-name
moderate	1	to‡	Currencies	Southern Asia (C)	Southern Asia: India	INR-name-other
moderate	1	to‡	Currencies	Western Asia (C)	Western Asia: Iraq	IQD-name
moderate	1	to‡	Currencies	Western Asia (C)	Western Asia: Iraq	IQD-name-other
moderate	1	to‡	Currencies	Southern Asia (C)	Southern Asia: Iran	IRR-name
moderate	1	to‡	Currencies	Southern Asia (C)	Southern Asia: Iran	IRR-name-other
moderate	1	to‡	Currencies	Northern/Western Europe	Northern Europe: Iceland	ISK-name
moderate	1	to‡	Currencies	Northern/Western Europe	Northern Europe: Iceland	ISK-name-other
moderate	1	to‡	Currencies	North America (C)	Caribbean: Jamaica	JMD-name
moderate	1	to‡	Currencies	North America (C)	Caribbean: Jamaica	JMD-name-other
moderate	1	to‡	Currencies	Western Asia (C)	Western Asia: Jordan	JOD-name
moderate	1	to‡	Currencies	Western Asia (C)	Western Asia: Jordan	JOD-name-other
moderate	1	to‡	Currencies	Eastern Asia (C)	Eastern Asia: Japan	JPY-name
moderate	1	to‡	Currencies	Eastern Asia (C)	Eastern Asia: Japan	JPY-name-other
moderate	1	to‡	Currencies	Eastern Africa	Eastern Africa: Kenya	KES-name
moderate	1	to‡	Currencies	Eastern Africa	Eastern Africa: Kenya	KES-name-other
moderate	1	to‡	Currencies	Central Asia (C)	Central Asia: Kyrgyzstan	KGS-name
moderate	1	to‡	Currencies	Central Asia (C)	Central Asia: Kyrgyzstan	KGS-name-other
moderate	1	to‡	Currencies	Southeast Asia (C)	Southeast Asia: Cambodia	KHR-name
moderate	1	to‡	Currencies	Southeast Asia (C)	Southeast Asia: Cambodia	KHR-name-other
moderate	1	to‡	Currencies	Eastern Africa	Eastern Africa: Comoros	KMF-name
moderate	1	to‡	Currencies	Eastern Africa	Eastern Africa: Comoros	KMF-name-other
moderate	1	to‡	Currencies	Eastern Asia (C)	Eastern Asia: North Korea	KPW-name
moderate	1	to‡	Currencies	Eastern Asia (C)	Eastern Asia: North Korea	KPW-name-other
moderate	1	to‡	Currencies	Eastern Asia (C)	Eastern Asia: South Korea	KRW-name
moderate	1	to‡	Currencies	Eastern Asia (C)	Eastern Asia: South Korea	KRW-name-other
moderate	1	to‡	Currencies	Western Asia (C)	Western Asia: Kuwait	KWD-name
moderate	1	to‡	Currencies	Western Asia (C)	Western Asia: Kuwait	KWD-name-other
moderate	1	to‡	Currencies	North America (C)	Caribbean: Cayman Islands	KYD-name
moderate	1	to‡	Currencies	North America (C)	Caribbean: Cayman Islands	KYD-name-other
moderate	1	to‡	Currencies	Central Asia (C)	Central Asia: Kazakhstan	KZT-name
moderate	1	to‡	Currencies	Central Asia (C)	Central Asia: Kazakhstan	KZT-name-other
moderate	1	to‡	Currencies	Southeast Asia (C)	Southeast Asia: Laos	LAK-name
moderate	1	to‡	Currencies	Southeast Asia (C)	Southeast Asia: Laos	LAK-name-other
moderate	1	to‡	Currencies	Western Asia (C)	Western Asia: Lebanon	LBP-name
moderate	1	to‡	Currencies	Western Asia (C)	Western Asia: Lebanon	LBP-name-other
moderate	1	to‡	Currencies	Southern Asia (C)	Southern Asia: Sri Lanka	LKR-name
moderate	1	to‡	Currencies	Southern Asia (C)	Southern Asia: Sri Lanka	LKR-name-other
moderate	1	to‡	Currencies	Western Africa	Western Africa: Liberia	LRD-name
moderate	1	to‡	Currencies	Western Africa	Western Africa: Liberia	LRD-name-other
moderate	2	to‡ ff_Adlm‡	Currencies	Southern Africa	Southern Africa: Lesotho	LSL-name
moderate	1	ff_Adlm‡	Currencies	Southern Africa	Southern Africa: Lesotho	LSL-name-one
moderate	2	to‡ ff_Adlm‡	Currencies	Southern Africa	Southern Africa: Lesotho	LSL-name-other
moderate	1	to‡	Currencies	Northern Africa	Northern Africa: Libya	LYD-name
moderate	1	to‡	Currencies	Northern Africa	Northern Africa: Libya	LYD-name-other
moderate	1	to‡	Currencies	Northern Africa	Northern Africa: Morocco	MAD-name
moderate	1	to‡	Currencies	Northern Africa	Northern Africa: Morocco	MAD-name-other
moderate	1	to‡	Currencies	Southern/Eastern Europe	Eastern Europe: Moldova	MDL-name
moderate	1	to‡	Currencies	Southern/Eastern Europe	Eastern Europe: Moldova	MDL-name-other
moderate	1	to‡	Currencies	Eastern Africa	Eastern Africa: Madagascar	MGA-name
moderate	1	to‡	Currencies	Eastern Africa	Eastern Africa: Madagascar	MGA-name-other
moderate	1	to‡	Currencies	Southern/Eastern Europe	Southern Europe: North Macedonia	MKD-name
moderate	1	to‡	Currencies	Southern/Eastern Europe	Southern Europe: North Macedonia	MKD-name-other
moderate	1	to‡	Currencies	Southeast Asia (C)	Southeast Asia: Myanmar (Burma)	MMK-name
moderate	1	to‡	Currencies	Southeast Asia (C)	Southeast Asia: Myanmar (Burma)	MMK-name-other
moderate	1	to‡	Currencies	Eastern Asia (C)	Eastern Asia: Mongolia	MNT-name
moderate	1	to‡	Currencies	Eastern Asia (C)	Eastern Asia: Mongolia	MNT-name-other
moderate	1	to‡	Currencies	Eastern Asia (C)	Eastern Asia: Macao SAR China	MOP-name
moderate	1	to‡	Currencies	Eastern Asia (C)	Eastern Asia: Macao SAR China	MOP-name-other
moderate	1	to‡	Currencies	Western Africa	Western Africa: Mauritania	MRU-name
moderate	1	to‡	Currencies	Western Africa	Western Africa: Mauritania	MRU-name-other
moderate	1	to‡	Currencies	Eastern Africa	Eastern Africa: Mauritius	MUR-name
moderate	1	to‡	Currencies	Eastern Africa	Eastern Africa: Mauritius	MUR-name-other
moderate	1	to‡	Currencies	Southern Asia (C)	Southern Asia: Maldives	MVR-name
moderate	1	to‡	Currencies	Southern Asia (C)	Southern Asia: Maldives	MVR-name-other
moderate	1	to‡	Currencies	Eastern Africa	Eastern Africa: Malawi	MWK-name
moderate	1	to‡	Currencies	Eastern Africa	Eastern Africa: Malawi	MWK-name-other
moderate	1	to‡	Currencies	North America (C)	Central America: Mexico	MXN-name
moderate	1	to‡	Currencies	North America (C)	Central America: Mexico	MXN-name-other
moderate	1	to‡	Currencies	Southeast Asia (C)	Southeast Asia: Malaysia	MYR-name
moderate	1	to‡	Currencies	Southeast Asia (C)	Southeast Asia: Malaysia	MYR-name-other
moderate	1	to‡	Currencies	Eastern Africa	Eastern Africa: Mozambique	MZN-name
moderate	1	to‡	Currencies	Eastern Africa	Eastern Africa: Mozambique	MZN-name-other
moderate	1	to‡	Currencies	Southern Africa	Southern Africa: Namibia	NAD-name
moderate	1	to‡	Currencies	Southern Africa	Southern Africa: Namibia	NAD-name-other
moderate	1	to‡	Currencies	Western Africa	Western Africa: Nigeria	NGN-name
moderate	1	to‡	Currencies	Western Africa	Western Africa: Nigeria	NGN-name-other
moderate	1	to‡	Currencies	North America (C)	Central America: Nicaragua	NIO-name
moderate	1	to‡	Currencies	North America (C)	Central America: Nicaragua	NIO-name-other
moderate	1	to‡	Currencies	Northern/Western Europe	Northern Europe: Norway	NOK-name
moderate	1	to‡	Currencies	Northern/Western Europe	Northern Europe: Norway	NOK-name-other
moderate	1	to‡	Currencies	Southern Asia (C)	Southern Asia: Nepal	NPR-name
moderate	1	to‡	Currencies	Southern Asia (C)	Southern Asia: Nepal	NPR-name-other
moderate	1	to‡	Currencies	Western Asia (C)	Western Asia: Oman	OMR-name
moderate	1	to‡	Currencies	Western Asia (C)	Western Asia: Oman	OMR-name-other
moderate	1	to‡	Currencies	North America (C)	Central America: Panama	PAB-name
moderate	1	to‡	Currencies	North America (C)	Central America: Panama	PAB-name-other
moderate	1	to‡	Currencies	South America (C)	South America: Peru	PEN-name
moderate	1	to‡	Currencies	South America (C)	South America: Peru	PEN-name-other
moderate	1	to‡	Currencies	Southeast Asia (C)	Southeast Asia: Philippines	PHP-name
moderate	1	to‡	Currencies	Southeast Asia (C)	Southeast Asia: Philippines	PHP-name-other
moderate	1	to‡	Currencies	Southern Asia (C)	Southern Asia: Pakistan	PKR-name
moderate	1	to‡	Currencies	Southern Asia (C)	Southern Asia: Pakistan	PKR-name-other
moderate	1	to‡	Currencies	Southern/Eastern Europe	Eastern Europe: Poland	PLN-name
moderate	1	to‡	Currencies	Southern/Eastern Europe	Eastern Europe: Poland	PLN-name-other
moderate	1	to‡	Currencies	South America (C)	South America: Paraguay	PYG-name
moderate	1	to‡	Currencies	South America (C)	South America: Paraguay	PYG-name-other
moderate	1	to‡	Currencies	Western Asia (C)	Western Asia: Qatar	QAR-name
moderate	1	to‡	Currencies	Western Asia (C)	Western Asia: Qatar	QAR-name-other
moderate	1	to‡	Currencies	Southern/Eastern Europe	Eastern Europe: Romania	RON-name
moderate	1	to‡	Currencies	Southern/Eastern Europe	Eastern Europe: Romania	RON-name-other
moderate	1	to‡	Currencies	Southern/Eastern Europe	Southern Europe: Serbia	RSD-name
moderate	1	to‡	Currencies	Southern/Eastern Europe	Southern Europe: Serbia	RSD-name-other
moderate	1	to‡	Currencies	Southern/Eastern Europe	Eastern Europe: Russia	RUB-name
moderate	1	to‡	Currencies	Southern/Eastern Europe	Eastern Europe: Russia	RUB-name-other
moderate	1	to‡	Currencies	Eastern Africa	Eastern Africa: Rwanda	RWF-name
moderate	1	to‡	Currencies	Eastern Africa	Eastern Africa: Rwanda	RWF-name-other
moderate	1	to‡	Currencies	Western Asia (C)	Western Asia: Saudi Arabia	SAR-name
moderate	1	to‡	Currencies	Western Asia (C)	Western Asia: Saudi Arabia	SAR-name-other
moderate	1	to‡	Currencies	Eastern Africa	Eastern Africa: Seychelles	SCR-name
moderate	1	to‡	Currencies	Eastern Africa	Eastern Africa: Seychelles	SCR-name-other
moderate	1	to‡	Currencies	Northern Africa	Northern Africa: Sudan	SDG-name
moderate	1	to‡	Currencies	Northern Africa	Northern Africa: Sudan	SDG-name-other
moderate	1	to‡	Currencies	Northern/Western Europe	Northern Europe: Sweden	SEK-name
moderate	1	to‡	Currencies	Northern/Western Europe	Northern Europe: Sweden	SEK-name-other
moderate	1	to‡	Currencies	Southeast Asia (C)	Southeast Asia: Singapore	SGD-name
moderate	1	to‡	Currencies	Southeast Asia (C)	Southeast Asia: Singapore	SGD-name-other
moderate	1	to‡	Currencies	Western Africa	Western Africa: St. Helena	SHP-name
moderate	1	to‡	Currencies	Western Africa	Western Africa: St. Helena	SHP-name-other
moderate	1	to‡	Currencies	Western Africa	Western Africa: Sierra Leone	SLE-name
moderate	1	to‡	Currencies	Western Africa	Western Africa: Sierra Leone	SLE-name-other
moderate	2	ast‡ to‡	Currencies	Western Africa	Western Africa: Sierra Leone: SLL (old)	SLL-name
moderate	1	ast‡	Currencies	Western Africa	Western Africa: Sierra Leone: SLL (old)	SLL-name-one
moderate	2	ast‡ to‡	Currencies	Western Africa	Western Africa: Sierra Leone: SLL (old)	SLL-name-other
moderate	1	to‡	Currencies	Eastern Africa	Eastern Africa: Somalia	SOS-name
moderate	1	to‡	Currencies	Eastern Africa	Eastern Africa: Somalia	SOS-name-other
moderate	1	to‡	Currencies	South America (C)	South America: Suriname	SRD-name
moderate	1	to‡	Currencies	South America (C)	South America: Suriname	SRD-name-other
moderate	1	to‡	Currencies	Eastern Africa	Eastern Africa: South Sudan	SSP-name
moderate	1	to‡	Currencies	Eastern Africa	Eastern Africa: South Sudan	SSP-name-other
moderate	1	to‡	Currencies	Middle Africa	Middle Africa: São Tomé & Príncipe	STN-name
moderate	1	to‡	Currencies	Middle Africa	Middle Africa: São Tomé & Príncipe	STN-name-other
moderate	1	to‡	Currencies	Western Asia (C)	Western Asia: Syria	SYP-name
moderate	1	to‡	Currencies	Western Asia (C)	Western Asia: Syria	SYP-name-other
moderate	1	to‡	Currencies	Southern Africa	Southern Africa: Eswatini	SZL-name
moderate	1	to‡	Currencies	Southern Africa	Southern Africa: Eswatini	SZL-name-other
moderate	1	to‡	Currencies	Southeast Asia (C)	Southeast Asia: Thailand	THB-name
moderate	1	to‡	Currencies	Southeast Asia (C)	Southeast Asia: Thailand	THB-name-other
moderate	1	to‡	Currencies	Central Asia (C)	Central Asia: Tajikistan	TJS-name
moderate	1	to‡	Currencies	Central Asia (C)	Central Asia: Tajikistan	TJS-name-other
moderate	1	to‡	Currencies	Central Asia (C)	Central Asia: Turkmenistan	TMT-name
moderate	1	to‡	Currencies	Central Asia (C)	Central Asia: Turkmenistan	TMT-name-other
moderate	1	to‡	Currencies	Northern Africa	Northern Africa: Tunisia	TND-name
moderate	1	to‡	Currencies	Northern Africa	Northern Africa: Tunisia	TND-name-other
moderate	1	to‡	Currencies	Western Asia (C)	Western Asia: Türkiye	TRY-name
moderate	1	to‡	Currencies	Western Asia (C)	Western Asia: Türkiye	TRY-name-other
moderate	1	to‡	Currencies	North America (C)	Caribbean: Trinidad & Tobago	TTD-name
moderate	1	to‡	Currencies	North America (C)	Caribbean: Trinidad & Tobago	TTD-name-other
moderate	1	to‡	Currencies	Eastern Asia (C)	Eastern Asia: Taiwan	TWD-name
moderate	1	to‡	Currencies	Eastern Asia (C)	Eastern Asia: Taiwan	TWD-name-other
moderate	1	to‡	Currencies	Eastern Africa	Eastern Africa: Tanzania	TZS-name
moderate	1	to‡	Currencies	Eastern Africa	Eastern Africa: Tanzania	TZS-name-other
moderate	1	to‡	Currencies	Southern/Eastern Europe	Eastern Europe: Ukraine	UAH-name
moderate	1	to‡	Currencies	Southern/Eastern Europe	Eastern Europe: Ukraine	UAH-name-other
moderate	1	to‡	Currencies	Eastern Africa	Eastern Africa: Uganda	UGX-name
moderate	1	to‡	Currencies	Eastern Africa	Eastern Africa: Uganda	UGX-name-other
moderate	1	to‡	Currencies	North America (C)	Northern America: United States	USD-name
moderate	1	to‡	Currencies	North America (C)	Northern America: United States	USD-name-other
moderate	1	to‡	Currencies	South America (C)	South America: Uruguay	UYU-name
moderate	1	to‡	Currencies	South America (C)	South America: Uruguay	UYU-name-other
moderate	1	to‡	Currencies	Central Asia (C)	Central Asia: Uzbekistan	UZS-name
moderate	1	to‡	Currencies	Central Asia (C)	Central Asia: Uzbekistan	UZS-name-other
moderate	1	to‡	Currencies	South America (C)	South America: Venezuela	VES-name
moderate	1	to‡	Currencies	South America (C)	South America: Venezuela	VES-name-other
moderate	1	to‡	Currencies	Southeast Asia (C)	Southeast Asia: Vietnam	VND-name
moderate	1	to‡	Currencies	Southeast Asia (C)	Southeast Asia: Vietnam	VND-name-other
moderate	1	to‡	Currencies	Middle Africa	Middle Africa: Cameroon	XAF-name
moderate	1	to‡	Currencies	Middle Africa	Middle Africa: Cameroon	XAF-name-other
moderate	1	to‡	Currencies	North America (C)	Caribbean: St. Lucia	XCD-name
moderate	1	to‡	Currencies	North America (C)	Caribbean: St. Lucia	XCD-name-other
moderate	9	br‡ ast‡ sr_Latn‡ yue_Hans‡ yrl‡ to‡ fo‡ ff_Adlm‡ kgp‡	Currencies	North America (C)	Caribbean: Curaçao	XCG-name
moderate	2	br‡ sr_Latn‡	Currencies	North America (C)	Caribbean: Curaçao	XCG-name-few
moderate	1	br‡	Currencies	North America (C)	Caribbean: Curaçao	XCG-name-many
moderate	5	br‡ ast‡ sr_Latn‡ fo‡ ff_Adlm‡	Currencies	North America (C)	Caribbean: Curaçao	XCG-name-one
moderate	9	br‡ ast‡ sr_Latn‡ yue_Hans‡ yrl‡ to‡ fo‡ ff_Adlm‡ kgp‡	Currencies	North America (C)	Caribbean: Curaçao	XCG-name-other
moderate	1	br‡	Currencies	North America (C)	Caribbean: Curaçao	XCG-name-two
moderate	1	to‡	Currencies	Western Africa	Western Africa: Côte d’Ivoire	XOF-name
moderate	1	to‡	Currencies	Western Africa	Western Africa: Côte d’Ivoire	XOF-name-other
moderate	1	to‡	Currencies	Western Asia (C)	Western Asia: Yemen	YER-name
moderate	1	to‡	Currencies	Western Asia (C)	Western Asia: Yemen	YER-name-other
moderate	1	to‡	Currencies	Southern Africa	Southern Africa: South Africa	ZAR-name
moderate	1	to‡	Currencies	Southern Africa	Southern Africa: South Africa	ZAR-name-other
moderate	1	to‡	Currencies	Eastern Africa	Eastern Africa: Zambia	ZMW-name
moderate	1	to‡	Currencies	Eastern Africa	Eastern Africa: Zambia	ZMW-name-other
moderate	10	br‡ sc‡ ast‡ sr_Latn‡ yue_Hans‡ yrl‡ to‡ fo‡ ff_Adlm‡ kgp‡	Currencies	Eastern Africa	Eastern Africa: Zimbabwe	ZWG-name
moderate	2	br‡ sr_Latn‡	Currencies	Eastern Africa	Eastern Africa: Zimbabwe	ZWG-name-few
moderate	1	br‡	Currencies	Eastern Africa	Eastern Africa: Zimbabwe	ZWG-name-many
moderate	6	br‡ sc‡ ast‡ sr_Latn‡ fo‡ ff_Adlm‡	Currencies	Eastern Africa	Eastern Africa: Zimbabwe	ZWG-name-one
moderate	10	br‡ sc‡ ast‡ sr_Latn‡ yue_Hans‡ yrl‡ to‡ fo‡ ff_Adlm‡ kgp‡	Currencies	Eastern Africa	Eastern Africa: Zimbabwe	ZWG-name-other
moderate	1	br‡	Currencies	Eastern Africa	Eastern Africa: Zimbabwe	ZWG-name-two
moderate	8	ast‡ sr_Latn‡ yrl‡ to‡ fo‡ ff_Adlm‡ hu kgp‡	Numbers	Number Formatting Patterns	Standard Patterns 	accounting-currency-alphaNextToNumber
moderate	3	ast‡ yrl‡ kgp‡	Numbers	Number Formatting Patterns	Standard Patterns 	accounting-currency-noCurrency
moderate	9	ast‡ sr_Latn‡ yue_Hans‡ yrl‡ to‡ fo‡ ff_Adlm‡ hu kgp‡	Numbers	Number Formatting Patterns	Standard Patterns 	standard-currency-alphaNextToNumber
moderate	7	ast‡ sr_Latn‡ yue_Hans‡ yrl‡ to‡ fo‡ kgp‡	Numbers	Number Formatting Patterns	Standard Patterns 	standard-currency-noCurrency
moderate	1	ast‡	Numbers	Number Formatting Patterns	Miscellaneous Patterns 	approximately
moderate	1	ast‡	Numbers	Number Formatting Patterns	Miscellaneous Patterns 	atMost
modern	1	yue_Hans‡	Numbers	Number Formatting Patterns	Rationals using Chinese Decimal Numerals (hanidec)	Integer + Rational
modern	1	yue_Hans‡	Numbers	Number Formatting Patterns	Rationals using Chinese Decimal Numerals (hanidec)	Integer + Rational-superSub
modern	1	yue_Hans‡	Numbers	Number Formatting Patterns	Rationals using Chinese Decimal Numerals (hanidec)	Rational
modern	1	yue_Hans‡	Numbers	Number Formatting Patterns	Rationals using Chinese Decimal Numerals (hanidec)	Usage
modern	2	sr_Latn‡ yue_Hans‡	Numbers	Number Formatting Patterns	Rationals 	Integer + Rational
modern	2	sr_Latn‡ yue_Hans‡	Numbers	Number Formatting Patterns	Rationals 	Integer + Rational-superSub
modern	2	sr_Latn‡ yue_Hans‡	Numbers	Number Formatting Patterns	Rationals 	Rational
modern	2	sr_Latn‡ yue_Hans‡	Numbers	Number Formatting Patterns	Rationals 	Usage
moderate	3	ast‡ yrl‡ kgp‡	Numbers	Symbols	Symbols 	approximatelySign
modern	1	yue_Hans‡	Miscellaneous	Person Name Formats	SampleName Fields for Item: foreignFull	given2
modern	1	yue_Hans‡	Miscellaneous	Person Name Formats	SampleName Fields for Item: foreignFull	surname-core
modern	1	yue_Hans‡	Miscellaneous	Person Name Formats	SampleName Fields for Item: foreignFull	surname-prefix
modern	1	yue_Hans‡	Miscellaneous	Person Name Formats	SampleName Fields for Item: foreignFull	surname2
moderate	1	ast‡	Units	Compound Units	times	long
moderate	1	ast‡	Units	Coordinates	all	long-displayName
modern	2	sr_Latn‡ yue_Hans‡	Units	Other Units Metric	steradian	long-displayName
modern	1	sr_Latn‡	Units	Other Units Metric	steradian	long-few-nominative
modern	1	sr_Latn‡	Units	Other Units Metric	steradian	long-one-nominative
modern	2	sr_Latn‡ yue_Hans‡	Units	Other Units Metric	steradian	long-other-nominative
modern	2	sr_Latn‡ yue_Hans‡	Units	Other Units Metric	katal	long-displayName
modern	1	sr_Latn‡	Units	Other Units Metric	katal	long-few-nominative
modern	1	sr_Latn‡	Units	Other Units Metric	katal	long-one-nominative
modern	2	sr_Latn‡ yue_Hans‡	Units	Other Units Metric	katal	long-other-nominative
modern	2	sr_Latn‡ yue_Hans‡	Units	Other Units Metric	ofglucose	long-displayName
modern	1	sr_Latn‡	Units	Other Units Metric	ofglucose	long-few-nominative
modern	1	sr_Latn‡	Units	Other Units Metric	ofglucose	long-one-nominative
modern	2	sr_Latn‡ yue_Hans‡	Units	Other Units Metric	ofglucose	long-other-nominative
modern	2	sr_Latn‡ yue_Hans‡	Units	Other Units Metric	part	long-displayName
modern	1	sr_Latn‡	Units	Other Units Metric	part	long-few-nominative
modern	1	sr_Latn‡	Units	Other Units Metric	part	long-one-nominative
modern	2	sr_Latn‡ yue_Hans‡	Units	Other Units Metric	part	long-other-nominative
modern	2	sr_Latn‡ yue_Hans‡	Units	Electrical and Frequency	coulomb	long-displayName
modern	1	sr_Latn‡	Units	Electrical and Frequency	coulomb	long-few-nominative
modern	1	sr_Latn‡	Units	Electrical and Frequency	coulomb	long-one-nominative
modern	2	sr_Latn‡ yue_Hans‡	Units	Electrical and Frequency	coulomb	long-other-nominative
modern	2	sr_Latn‡ yue_Hans‡	Units	Electrical and Frequency	farad	long-displayName
modern	1	sr_Latn‡	Units	Electrical and Frequency	farad	long-few-nominative
modern	1	sr_Latn‡	Units	Electrical and Frequency	farad	long-one-nominative
modern	2	sr_Latn‡ yue_Hans‡	Units	Electrical and Frequency	farad	long-other-nominative
modern	2	sr_Latn‡ yue_Hans‡	Units	Electrical and Frequency	henry	long-displayName
modern	1	sr_Latn‡	Units	Electrical and Frequency	henry	long-few-nominative
modern	1	sr_Latn‡	Units	Electrical and Frequency	henry	long-one-nominative
modern	2	sr_Latn‡ yue_Hans‡	Units	Electrical and Frequency	henry	long-other-nominative
modern	2	sr_Latn‡ yue_Hans‡	Units	Electrical and Frequency	siemens	long-displayName
modern	1	sr_Latn‡	Units	Electrical and Frequency	siemens	long-few-nominative
modern	1	sr_Latn‡	Units	Electrical and Frequency	siemens	long-one-nominative
modern	2	sr_Latn‡ yue_Hans‡	Units	Electrical and Frequency	siemens	long-other-nominative
modern	2	sr_Latn‡ yue_Hans‡	Units	Energy and Power	becquerel	long-displayName
modern	1	sr_Latn‡	Units	Energy and Power	becquerel	long-few-nominative
modern	1	sr_Latn‡	Units	Energy and Power	becquerel	long-one-nominative
modern	2	sr_Latn‡ yue_Hans‡	Units	Energy and Power	becquerel	long-other-nominative
modern	2	sr_Latn‡ yue_Hans‡	Units	Energy and Power	calorie-it	long-displayName
modern	1	sr_Latn‡	Units	Energy and Power	calorie-it	long-few-nominative
modern	1	sr_Latn‡	Units	Energy and Power	calorie-it	long-one-nominative
modern	2	sr_Latn‡ yue_Hans‡	Units	Energy and Power	calorie-it	long-other-nominative
modern	2	sr_Latn‡ yue_Hans‡	Units	Energy and Power	gray	long-displayName
modern	1	sr_Latn‡	Units	Energy and Power	gray	long-few-nominative
modern	1	sr_Latn‡	Units	Energy and Power	gray	long-one-nominative
modern	2	sr_Latn‡ yue_Hans‡	Units	Energy and Power	gray	long-other-nominative
modern	2	sr_Latn‡ yue_Hans‡	Units	Energy and Power	sievert	long-displayName
modern	1	sr_Latn‡	Units	Energy and Power	sievert	long-few-nominative
modern	1	sr_Latn‡	Units	Energy and Power	sievert	long-one-nominative
modern	2	sr_Latn‡ yue_Hans‡	Units	Energy and Power	sievert	long-other-nominative
modern	2	sr_Latn‡ yue_Hans‡	Units	Other Units Metric	kilogram-force	long-displayName
modern	1	sr_Latn‡	Units	Other Units Metric	kilogram-force	long-few-nominative
modern	1	sr_Latn‡	Units	Other Units Metric	kilogram-force	long-one-nominative
modern	2	sr_Latn‡ yue_Hans‡	Units	Other Units Metric	kilogram-force	long-other-nominative
modern	2	sr_Latn‡ yue_Hans‡	Units	Other Units Metric	tesla	long-displayName
modern	1	sr_Latn‡	Units	Other Units Metric	tesla	long-few-nominative
modern	1	sr_Latn‡	Units	Other Units Metric	tesla	long-one-nominative
modern	2	sr_Latn‡ yue_Hans‡	Units	Other Units Metric	tesla	long-other-nominative
modern	2	sr_Latn‡ yue_Hans‡	Units	Other Units Metric	weber	long-displayName
modern	1	sr_Latn‡	Units	Other Units Metric	weber	long-few-nominative
modern	1	sr_Latn‡	Units	Other Units Metric	weber	long-one-nominative
modern	2	sr_Latn‡ yue_Hans‡	Units	Other Units Metric	weber	long-other-nominative
modern	2	sr_Latn‡ yue_Hans‡	Units	Weather	ofhg	long-displayName
modern	1	sr_Latn‡	Units	Weather	ofhg	long-few-nominative
modern	1	sr_Latn‡	Units	Weather	ofhg	long-one-nominative
modern	2	sr_Latn‡ yue_Hans‡	Units	Weather	ofhg	long-other-nominative
modern	2	sr_Latn‡ yue_Hans‡	Units	Volume Metric	fluid-ounce-metric	long-displayName
modern	1	sr_Latn‡	Units	Volume Metric	fluid-ounce-metric	long-few-nominative
modern	1	sr_Latn‡	Units	Volume Metric	fluid-ounce-metric	long-one-nominative
modern	2	sr_Latn‡ yue_Hans‡	Units	Volume Metric	fluid-ounce-metric	long-other-nominative
moderate	1	ast‡	Units	Compound Units	times	short
moderate	1	ast‡	Units	Coordinates	all	short-displayName
modern	2	sr_Latn‡ yue_Hans‡	Units	Other Units Metric	steradian	short-displayName
modern	1	sr_Latn‡	Units	Other Units Metric	steradian	short-few-nominative
modern	1	sr_Latn‡	Units	Other Units Metric	steradian	short-one-nominative
modern	2	sr_Latn‡ yue_Hans‡	Units	Other Units Metric	steradian	short-other-nominative
modern	2	sr_Latn‡ yue_Hans‡	Units	Other Units Metric	katal	short-displayName
modern	1	sr_Latn‡	Units	Other Units Metric	katal	short-few-nominative
modern	1	sr_Latn‡	Units	Other Units Metric	katal	short-one-nominative
modern	2	sr_Latn‡ yue_Hans‡	Units	Other Units Metric	katal	short-other-nominative
modern	2	sr_Latn‡ yue_Hans‡	Units	Other Units Metric	ofglucose	short-displayName
modern	1	sr_Latn‡	Units	Other Units Metric	ofglucose	short-few-nominative
modern	1	sr_Latn‡	Units	Other Units Metric	ofglucose	short-one-nominative
modern	2	sr_Latn‡ yue_Hans‡	Units	Other Units Metric	ofglucose	short-other-nominative
modern	2	sr_Latn‡ yue_Hans‡	Units	Other Units Metric	part	short-displayName
modern	1	sr_Latn‡	Units	Other Units Metric	part	short-few-nominative
modern	1	sr_Latn‡	Units	Other Units Metric	part	short-one-nominative
modern	2	sr_Latn‡ yue_Hans‡	Units	Other Units Metric	part	short-other-nominative
modern	2	sr_Latn‡ yue_Hans‡	Units	Electrical and Frequency	coulomb	short-displayName
modern	1	sr_Latn‡	Units	Electrical and Frequency	coulomb	short-few-nominative
modern	1	sr_Latn‡	Units	Electrical and Frequency	coulomb	short-one-nominative
modern	2	sr_Latn‡ yue_Hans‡	Units	Electrical and Frequency	coulomb	short-other-nominative
modern	2	sr_Latn‡ yue_Hans‡	Units	Electrical and Frequency	farad	short-displayName
modern	1	sr_Latn‡	Units	Electrical and Frequency	farad	short-few-nominative
modern	1	sr_Latn‡	Units	Electrical and Frequency	farad	short-one-nominative
modern	2	sr_Latn‡ yue_Hans‡	Units	Electrical and Frequency	farad	short-other-nominative
modern	2	sr_Latn‡ yue_Hans‡	Units	Electrical and Frequency	henry	short-displayName
modern	1	sr_Latn‡	Units	Electrical and Frequency	henry	short-few-nominative
modern	1	sr_Latn‡	Units	Electrical and Frequency	henry	short-one-nominative
modern	2	sr_Latn‡ yue_Hans‡	Units	Electrical and Frequency	henry	short-other-nominative
modern	2	sr_Latn‡ yue_Hans‡	Units	Electrical and Frequency	siemens	short-displayName
modern	1	sr_Latn‡	Units	Electrical and Frequency	siemens	short-few-nominative
modern	1	sr_Latn‡	Units	Electrical and Frequency	siemens	short-one-nominative
modern	2	sr_Latn‡ yue_Hans‡	Units	Electrical and Frequency	siemens	short-other-nominative
modern	2	sr_Latn‡ yue_Hans‡	Units	Energy and Power	becquerel	short-displayName
modern	1	sr_Latn‡	Units	Energy and Power	becquerel	short-few-nominative
modern	1	sr_Latn‡	Units	Energy and Power	becquerel	short-one-nominative
modern	2	sr_Latn‡ yue_Hans‡	Units	Energy and Power	becquerel	short-other-nominative
modern	2	sr_Latn‡ yue_Hans‡	Units	Energy and Power	calorie-it	short-displayName
modern	1	sr_Latn‡	Units	Energy and Power	calorie-it	short-few-nominative
modern	1	sr_Latn‡	Units	Energy and Power	calorie-it	short-one-nominative
modern	2	sr_Latn‡ yue_Hans‡	Units	Energy and Power	calorie-it	short-other-nominative
modern	2	sr_Latn‡ yue_Hans‡	Units	Energy and Power	gray	short-displayName
modern	1	sr_Latn‡	Units	Energy and Power	gray	short-few-nominative
modern	1	sr_Latn‡	Units	Energy and Power	gray	short-one-nominative
modern	2	sr_Latn‡ yue_Hans‡	Units	Energy and Power	gray	short-other-nominative
modern	2	sr_Latn‡ yue_Hans‡	Units	Energy and Power	sievert	short-displayName
modern	1	sr_Latn‡	Units	Energy and Power	sievert	short-few-nominative
modern	1	sr_Latn‡	Units	Energy and Power	sievert	short-one-nominative
modern	2	sr_Latn‡ yue_Hans‡	Units	Energy and Power	sievert	short-other-nominative
modern	2	sr_Latn‡ yue_Hans‡	Units	Other Units Metric	kilogram-force	short-displayName
modern	1	sr_Latn‡	Units	Other Units Metric	kilogram-force	short-few-nominative
modern	1	sr_Latn‡	Units	Other Units Metric	kilogram-force	short-one-nominative
modern	2	sr_Latn‡ yue_Hans‡	Units	Other Units Metric	kilogram-force	short-other-nominative
modern	2	sr_Latn‡ yue_Hans‡	Units	Other Units Metric	tesla	short-displayName
modern	1	sr_Latn‡	Units	Other Units Metric	tesla	short-few-nominative
modern	1	sr_Latn‡	Units	Other Units Metric	tesla	short-one-nominative
modern	2	sr_Latn‡ yue_Hans‡	Units	Other Units Metric	tesla	short-other-nominative
modern	2	sr_Latn‡ yue_Hans‡	Units	Other Units Metric	weber	short-displayName
modern	1	sr_Latn‡	Units	Other Units Metric	weber	short-few-nominative
modern	1	sr_Latn‡	Units	Other Units Metric	weber	short-one-nominative
modern	2	sr_Latn‡ yue_Hans‡	Units	Other Units Metric	weber	short-other-nominative
modern	2	sr_Latn‡ yue_Hans‡	Units	Weather	ofhg	short-displayName
modern	1	sr_Latn‡	Units	Weather	ofhg	short-few-nominative
modern	1	sr_Latn‡	Units	Weather	ofhg	short-one-nominative
modern	2	sr_Latn‡ yue_Hans‡	Units	Weather	ofhg	short-other-nominative
modern	2	sr_Latn‡ yue_Hans‡	Units	Volume Metric	fluid-ounce-metric	short-displayName
modern	1	sr_Latn‡	Units	Volume Metric	fluid-ounce-metric	short-few-nominative
modern	1	sr_Latn‡	Units	Volume Metric	fluid-ounce-metric	short-one-nominative
modern	2	sr_Latn‡ yue_Hans‡	Units	Volume Metric	fluid-ounce-metric	short-other-nominative
